dataPK,dataCompleta,dataDia,dataMes,dataBimestre,dataTrimestre,dataSemestre,dataAno
1,1/1/2016,1,1,1,1,1,2016
2,2/1/2016,2,1,1,1,1,2016
3,3/1/2016,3,1,1,1,1,2016
4,4/1/2016,4,1,1,1,1,2016
5,5/1/2016,5,1,1,1,1,2016
6,6/1/2016,6,1,1,1,1,2016
7,7/1/2016,7,1,1,1,1,2016
8,8/1/2016,8,1,1,1,1,2016
9,9/1/2016,9,1,1,1,1,2016
10,10/1/2016,10,1,1,1,1,2016
11,11/1/2016,11,1,1,1,1,2016
12,12/1/2016,12,1,1,1,1,2016
13,13/01/2016,13,1,1,1,1,2016
14,14/01/2016,14,1,1,1,1,2016
15,15/01/2016,15,1,1,1,1,2016
16,16/01/2016,16,1,1,1,1,2016
17,17/01/2016,17,1,1,1,1,2016
18,18/01/2016,18,1,1,1,1,2016
19,19/01/2016,19,1,1,1,1,2016
20,20/01/2016,20,1,1,1,1,2016
21,21/01/2016,21,1,1,1,1,2016
22,22/01/2016,22,1,1,1,1,2016
23,23/01/2016,23,1,1,1,1,2016
24,24/01/2016,24,1,1,1,1,2016
25,25/01/2016,25,1,1,1,1,2016
26,26/01/2016,26,1,1,1,1,2016
27,27/01/2016,27,1,1,1,1,2016
28,28/01/2016,28,1,1,1,1,2016
29,29/01/2016,29,1,1,1,1,2016
30,30/01/2016,30,1,1,1,1,2016
31,31/01/2016,31,1,1,1,1,2016
32,1/2/2016,1,2,1,1,1,2016
33,2/2/2016,2,2,1,1,1,2016
34,3/2/2016,3,2,1,1,1,2016
35,4/2/2016,4,2,1,1,1,2016
36,5/2/2016,5,2,1,1,1,2016
37,6/2/2016,6,2,1,1,1,2016
38,7/2/2016,7,2,1,1,1,2016
39,8/2/2016,8,2,1,1,1,2016
40,9/2/2016,9,2,1,1,1,2016
41,10/2/2016,10,2,1,1,1,2016
42,11/2/2016,11,2,1,1,1,2016
43,12/2/2016,12,2,1,1,1,2016
44,13/02/2016,13,2,1,1,1,2016
45,14/02/2016,14,2,1,1,1,2016
46,15/02/2016,15,2,1,1,1,2016
47,16/02/2016,16,2,1,1,1,2016
48,17/02/2016,17,2,1,1,1,2016
49,18/02/2016,18,2,1,1,1,2016
50,19/02/2016,19,2,1,1,1,2016
51,20/02/2016,20,2,1,1,1,2016
52,21/02/2016,21,2,1,1,1,2016
53,22/02/2016,22,2,1,1,1,2016
54,23/02/2016,23,2,1,1,1,2016
55,24/02/2016,24,2,1,1,1,2016
56,25/02/2016,25,2,1,1,1,2016
57,26/02/2016,26,2,1,1,1,2016
58,27/02/2016,27,2,1,1,1,2016
59,28/02/2016,28,2,1,1,1,2016
60,29/02/2016,29,2,1,1,1,2016
61,1/3/2016,1,3,2,1,1,2016
62,2/3/2016,2,3,2,1,1,2016
63,3/3/2016,3,3,2,1,1,2016
64,4/3/2016,4,3,2,1,1,2016
65,5/3/2016,5,3,2,1,1,2016
66,6/3/2016,6,3,2,1,1,2016
67,7/3/2016,7,3,2,1,1,2016
68,8/3/2016,8,3,2,1,1,2016
69,9/3/2016,9,3,2,1,1,2016
70,10/3/2016,10,3,2,1,1,2016
71,11/3/2016,11,3,2,1,1,2016
72,12/3/2016,12,3,2,1,1,2016
73,13/03/2016,13,3,2,1,1,2016
74,14/03/2016,14,3,2,1,1,2016
75,15/03/2016,15,3,2,1,1,2016
76,16/03/2016,16,3,2,1,1,2016
77,17/03/2016,17,3,2,1,1,2016
78,18/03/2016,18,3,2,1,1,2016
79,19/03/2016,19,3,2,1,1,2016
80,20/03/2016,20,3,2,1,1,2016
81,21/03/2016,21,3,2,1,1,2016
82,22/03/2016,22,3,2,1,1,2016
83,23/03/2016,23,3,2,1,1,2016
84,24/03/2016,24,3,2,1,1,2016
85,25/03/2016,25,3,2,1,1,2016
86,26/03/2016,26,3,2,1,1,2016
87,27/03/2016,27,3,2,1,1,2016
88,28/03/2016,28,3,2,1,1,2016
89,29/03/2016,29,3,2,1,1,2016
90,30/03/2016,30,3,2,1,1,2016
91,31/03/2016,31,3,2,1,1,2016
92,1/4/2016,1,4,2,2,1,2016
93,2/4/2016,2,4,2,2,1,2016
94,3/4/2016,3,4,2,2,1,2016
95,4/4/2016,4,4,2,2,1,2016
96,5/4/2016,5,4,2,2,1,2016
97,6/4/2016,6,4,2,2,1,2016
98,7/4/2016,7,4,2,2,1,2016
99,8/4/2016,8,4,2,2,1,2016
100,9/4/2016,9,4,2,2,1,2016
101,10/4/2016,10,4,2,2,1,2016
102,11/4/2016,11,4,2,2,1,2016
103,12/4/2016,12,4,2,2,1,2016
104,13/04/2016,13,4,2,2,1,2016
105,14/04/2016,14,4,2,2,1,2016
106,15/04/2016,15,4,2,2,1,2016
107,16/04/2016,16,4,2,2,1,2016
108,17/04/2016,17,4,2,2,1,2016
109,18/04/2016,18,4,2,2,1,2016
110,19/04/2016,19,4,2,2,1,2016
111,20/04/2016,20,4,2,2,1,2016
112,21/04/2016,21,4,2,2,1,2016
113,22/04/2016,22,4,2,2,1,2016
114,23/04/2016,23,4,2,2,1,2016
115,24/04/2016,24,4,2,2,1,2016
116,25/04/2016,25,4,2,2,1,2016
117,26/04/2016,26,4,2,2,1,2016
118,27/04/2016,27,4,2,2,1,2016
119,28/04/2016,28,4,2,2,1,2016
120,29/04/2016,29,4,2,2,1,2016
121,30/04/2016,30,4,2,2,1,2016
122,1/5/2016,1,5,3,2,1,2016
123,2/5/2016,2,5,3,2,1,2016
124,3/5/2016,3,5,3,2,1,2016
125,4/5/2016,4,5,3,2,1,2016
126,5/5/2016,5,5,3,2,1,2016
127,6/5/2016,6,5,3,2,1,2016
128,7/5/2016,7,5,3,2,1,2016
129,8/5/2016,8,5,3,2,1,2016
130,9/5/2016,9,5,3,2,1,2016
131,10/5/2016,10,5,3,2,1,2016
132,11/5/2016,11,5,3,2,1,2016
133,12/5/2016,12,5,3,2,1,2016
134,13/05/2016,13,5,3,2,1,2016
135,14/05/2016,14,5,3,2,1,2016
136,15/05/2016,15,5,3,2,1,2016
137,16/05/2016,16,5,3,2,1,2016
138,17/05/2016,17,5,3,2,1,2016
139,18/05/2016,18,5,3,2,1,2016
140,19/05/2016,19,5,3,2,1,2016
141,20/05/2016,20,5,3,2,1,2016
142,21/05/2016,21,5,3,2,1,2016
143,22/05/2016,22,5,3,2,1,2016
144,23/05/2016,23,5,3,2,1,2016
145,24/05/2016,24,5,3,2,1,2016
146,25/05/2016,25,5,3,2,1,2016
147,26/05/2016,26,5,3,2,1,2016
148,27/05/2016,27,5,3,2,1,2016
149,28/05/2016,28,5,3,2,1,2016
150,29/05/2016,29,5,3,2,1,2016
151,30/05/2016,30,5,3,2,1,2016
152,31/05/2016,31,5,3,2,1,2016
153,1/6/2016,1,6,3,2,1,2016
154,2/6/2016,2,6,3,2,1,2016
155,3/6/2016,3,6,3,2,1,2016
156,4/6/2016,4,6,3,2,1,2016
157,5/6/2016,5,6,3,2,1,2016
158,6/6/2016,6,6,3,2,1,2016
159,7/6/2016,7,6,3,2,1,2016
160,8/6/2016,8,6,3,2,1,2016
161,9/6/2016,9,6,3,2,1,2016
162,10/6/2016,10,6,3,2,1,2016
163,11/6/2016,11,6,3,2,1,2016
164,12/6/2016,12,6,3,2,1,2016
165,13/06/2016,13,6,3,2,1,2016
166,14/06/2016,14,6,3,2,1,2016
167,15/06/2016,15,6,3,2,1,2016
168,16/06/2016,16,6,3,2,1,2016
169,17/06/2016,17,6,3,2,1,2016
170,18/06/2016,18,6,3,2,1,2016
171,19/06/2016,19,6,3,2,1,2016
172,20/06/2016,20,6,3,2,1,2016
173,21/06/2016,21,6,3,2,1,2016
174,22/06/2016,22,6,3,2,1,2016
175,23/06/2016,23,6,3,2,1,2016
176,24/06/2016,24,6,3,2,1,2016
177,25/06/2016,25,6,3,2,1,2016
178,26/06/2016,26,6,3,2,1,2016
179,27/06/2016,27,6,3,2,1,2016
180,28/06/2016,28,6,3,2,1,2016
181,29/06/2016,29,6,3,2,1,2016
182,30/06/2016,30,6,3,2,1,2016
183,1/7/2016,1,7,4,3,2,2016
184,2/7/2016,2,7,4,3,2,2016
185,3/7/2016,3,7,4,3,2,2016
186,4/7/2016,4,7,4,3,2,2016
187,5/7/2016,5,7,4,3,2,2016
188,6/7/2016,6,7,4,3,2,2016
189,7/7/2016,7,7,4,3,2,2016
190,8/7/2016,8,7,4,3,2,2016
191,9/7/2016,9,7,4,3,2,2016
192,10/7/2016,10,7,4,3,2,2016
193,11/7/2016,11,7,4,3,2,2016
194,12/7/2016,12,7,4,3,2,2016
195,13/07/2016,13,7,4,3,2,2016
196,14/07/2016,14,7,4,3,2,2016
197,15/07/2016,15,7,4,3,2,2016
198,16/07/2016,16,7,4,3,2,2016
199,17/07/2016,17,7,4,3,2,2016
200,18/07/2016,18,7,4,3,2,2016
201,19/07/2016,19,7,4,3,2,2016
202,20/07/2016,20,7,4,3,2,2016
203,21/07/2016,21,7,4,3,2,2016
204,22/07/2016,22,7,4,3,2,2016
205,23/07/2016,23,7,4,3,2,2016
206,24/07/2016,24,7,4,3,2,2016
207,25/07/2016,25,7,4,3,2,2016
208,26/07/2016,26,7,4,3,2,2016
209,27/07/2016,27,7,4,3,2,2016
210,28/07/2016,28,7,4,3,2,2016
211,29/07/2016,29,7,4,3,2,2016
212,30/07/2016,30,7,4,3,2,2016
213,31/07/2016,31,7,4,3,2,2016
214,1/8/2016,1,8,4,3,2,2016
215,2/8/2016,2,8,4,3,2,2016
216,3/8/2016,3,8,4,3,2,2016
217,4/8/2016,4,8,4,3,2,2016
218,5/8/2016,5,8,4,3,2,2016
219,6/8/2016,6,8,4,3,2,2016
220,7/8/2016,7,8,4,3,2,2016
221,8/8/2016,8,8,4,3,2,2016
222,9/8/2016,9,8,4,3,2,2016
223,10/8/2016,10,8,4,3,2,2016
224,11/8/2016,11,8,4,3,2,2016
225,12/8/2016,12,8,4,3,2,2016
226,13/08/2016,13,8,4,3,2,2016
227,14/08/2016,14,8,4,3,2,2016
228,15/08/2016,15,8,4,3,2,2016
229,16/08/2016,16,8,4,3,2,2016
230,17/08/2016,17,8,4,3,2,2016
231,18/08/2016,18,8,4,3,2,2016
232,19/08/2016,19,8,4,3,2,2016
233,20/08/2016,20,8,4,3,2,2016
234,21/08/2016,21,8,4,3,2,2016
235,22/08/2016,22,8,4,3,2,2016
236,23/08/2016,23,8,4,3,2,2016
237,24/08/2016,24,8,4,3,2,2016
238,25/08/2016,25,8,4,3,2,2016
239,26/08/2016,26,8,4,3,2,2016
240,27/08/2016,27,8,4,3,2,2016
241,28/08/2016,28,8,4,3,2,2016
242,29/08/2016,29,8,4,3,2,2016
243,30/08/2016,30,8,4,3,2,2016
244,31/08/2016,31,8,4,3,2,2016
245,1/9/2016,1,9,5,3,2,2016
246,2/9/2016,2,9,5,3,2,2016
247,3/9/2016,3,9,5,3,2,2016
248,4/9/2016,4,9,5,3,2,2016
249,5/9/2016,5,9,5,3,2,2016
250,6/9/2016,6,9,5,3,2,2016
251,7/9/2016,7,9,5,3,2,2016
252,8/9/2016,8,9,5,3,2,2016
253,9/9/2016,9,9,5,3,2,2016
254,10/9/2016,10,9,5,3,2,2016
255,11/9/2016,11,9,5,3,2,2016
256,12/9/2016,12,9,5,3,2,2016
257,13/09/2016,13,9,5,3,2,2016
258,14/09/2016,14,9,5,3,2,2016
259,15/09/2016,15,9,5,3,2,2016
260,16/09/2016,16,9,5,3,2,2016
261,17/09/2016,17,9,5,3,2,2016
262,18/09/2016,18,9,5,3,2,2016
263,19/09/2016,19,9,5,3,2,2016
264,20/09/2016,20,9,5,3,2,2016
265,21/09/2016,21,9,5,3,2,2016
266,22/09/2016,22,9,5,3,2,2016
267,23/09/2016,23,9,5,3,2,2016
268,24/09/2016,24,9,5,3,2,2016
269,25/09/2016,25,9,5,3,2,2016
270,26/09/2016,26,9,5,3,2,2016
271,27/09/2016,27,9,5,3,2,2016
272,28/09/2016,28,9,5,3,2,2016
273,29/09/2016,29,9,5,3,2,2016
274,30/09/2016,30,9,5,3,2,2016
275,1/10/2016,1,10,5,4,2,2016
276,2/10/2016,2,10,5,4,2,2016
277,3/10/2016,3,10,5,4,2,2016
278,4/10/2016,4,10,5,4,2,2016
279,5/10/2016,5,10,5,4,2,2016
280,6/10/2016,6,10,5,4,2,2016
281,7/10/2016,7,10,5,4,2,2016
282,8/10/2016,8,10,5,4,2,2016
283,9/10/2016,9,10,5,4,2,2016
284,10/10/2016,10,10,5,4,2,2016
285,11/10/2016,11,10,5,4,2,2016
286,12/10/2016,12,10,5,4,2,2016
287,13/10/2016,13,10,5,4,2,2016
288,14/10/2016,14,10,5,4,2,2016
289,15/10/2016,15,10,5,4,2,2016
290,16/10/2016,16,10,5,4,2,2016
291,17/10/2016,17,10,5,4,2,2016
292,18/10/2016,18,10,5,4,2,2016
293,19/10/2016,19,10,5,4,2,2016
294,20/10/2016,20,10,5,4,2,2016
295,21/10/2016,21,10,5,4,2,2016
296,22/10/2016,22,10,5,4,2,2016
297,23/10/2016,23,10,5,4,2,2016
298,24/10/2016,24,10,5,4,2,2016
299,25/10/2016,25,10,5,4,2,2016
300,26/10/2016,26,10,5,4,2,2016
301,27/10/2016,27,10,5,4,2,2016
302,28/10/2016,28,10,5,4,2,2016
303,29/10/2016,29,10,5,4,2,2016
304,30/10/2016,30,10,5,4,2,2016
305,31/10/2016,31,10,5,4,2,2016
306,1/11/2016,1,11,6,4,2,2016
307,2/11/2016,2,11,6,4,2,2016
308,3/11/2016,3,11,6,4,2,2016
309,4/11/2016,4,11,6,4,2,2016
310,5/11/2016,5,11,6,4,2,2016
311,6/11/2016,6,11,6,4,2,2016
312,7/11/2016,7,11,6,4,2,2016
313,8/11/2016,8,11,6,4,2,2016
314,9/11/2016,9,11,6,4,2,2016
315,10/11/2016,10,11,6,4,2,2016
316,11/11/2016,11,11,6,4,2,2016
317,12/11/2016,12,11,6,4,2,2016
318,13/11/2016,13,11,6,4,2,2016
319,14/11/2016,14,11,6,4,2,2016
320,15/11/2016,15,11,6,4,2,2016
321,16/11/2016,16,11,6,4,2,2016
322,17/11/2016,17,11,6,4,2,2016
323,18/11/2016,18,11,6,4,2,2016
324,19/11/2016,19,11,6,4,2,2016
325,20/11/2016,20,11,6,4,2,2016
326,21/11/2016,21,11,6,4,2,2016
327,22/11/2016,22,11,6,4,2,2016
328,23/11/2016,23,11,6,4,2,2016
329,24/11/2016,24,11,6,4,2,2016
330,25/11/2016,25,11,6,4,2,2016
331,26/11/2016,26,11,6,4,2,2016
332,27/11/2016,27,11,6,4,2,2016
333,28/11/2016,28,11,6,4,2,2016
334,29/11/2016,29,11,6,4,2,2016
335,30/11/2016,30,11,6,4,2,2016
336,1/12/2016,1,12,6,4,2,2016
337,2/12/2016,2,12,6,4,2,2016
338,3/12/2016,3,12,6,4,2,2016
339,4/12/2016,4,12,6,4,2,2016
340,5/12/2016,5,12,6,4,2,2016
341,6/12/2016,6,12,6,4,2,2016
342,7/12/2016,7,12,6,4,2,2016
343,8/12/2016,8,12,6,4,2,2016
344,9/12/2016,9,12,6,4,2,2016
345,10/12/2016,10,12,6,4,2,2016
346,11/12/2016,11,12,6,4,2,2016
347,12/12/2016,12,12,6,4,2,2016
348,13/12/2016,13,12,6,4,2,2016
349,14/12/2016,14,12,6,4,2,2016
350,15/12/2016,15,12,6,4,2,2016
351,16/12/2016,16,12,6,4,2,2016
352,17/12/2016,17,12,6,4,2,2016
353,18/12/2016,18,12,6,4,2,2016
354,19/12/2016,19,12,6,4,2,2016
355,20/12/2016,20,12,6,4,2,2016
356,21/12/2016,21,12,6,4,2,2016
357,22/12/2016,22,12,6,4,2,2016
358,23/12/2016,23,12,6,4,2,2016
359,24/12/2016,24,12,6,4,2,2016
360,25/12/2016,25,12,6,4,2,2016
361,26/12/2016,26,12,6,4,2,2016
362,27/12/2016,27,12,6,4,2,2016
363,28/12/2016,28,12,6,4,2,2016
364,29/12/2016,29,12,6,4,2,2016
365,30/12/2016,30,12,6,4,2,2016
366,31/12/2016,31,12,6,4,2,2016
367,1/1/2017,1,1,1,1,1,2017
368,2/1/2017,2,1,1,1,1,2017
369,3/1/2017,3,1,1,1,1,2017
370,4/1/2017,4,1,1,1,1,2017
371,5/1/2017,5,1,1,1,1,2017
372,6/1/2017,6,1,1,1,1,2017
373,7/1/2017,7,1,1,1,1,2017
374,8/1/2017,8,1,1,1,1,2017
375,9/1/2017,9,1,1,1,1,2017
376,10/1/2017,10,1,1,1,1,2017
377,11/1/2017,11,1,1,1,1,2017
378,12/1/2017,12,1,1,1,1,2017
379,13/01/2017,13,1,1,1,1,2017
380,14/01/2017,14,1,1,1,1,2017
381,15/01/2017,15,1,1,1,1,2017
382,16/01/2017,16,1,1,1,1,2017
383,17/01/2017,17,1,1,1,1,2017
384,18/01/2017,18,1,1,1,1,2017
385,19/01/2017,19,1,1,1,1,2017
386,20/01/2017,20,1,1,1,1,2017
387,21/01/2017,21,1,1,1,1,2017
388,22/01/2017,22,1,1,1,1,2017
389,23/01/2017,23,1,1,1,1,2017
390,24/01/2017,24,1,1,1,1,2017
391,25/01/2017,25,1,1,1,1,2017
392,26/01/2017,26,1,1,1,1,2017
393,27/01/2017,27,1,1,1,1,2017
394,28/01/2017,28,1,1,1,1,2017
395,29/01/2017,29,1,1,1,1,2017
396,30/01/2017,30,1,1,1,1,2017
397,31/01/2017,31,1,1,1,1,2017
398,1/2/2017,1,2,1,1,1,2017
399,2/2/2017,2,2,1,1,1,2017
400,3/2/2017,3,2,1,1,1,2017
401,4/2/2017,4,2,1,1,1,2017
402,5/2/2017,5,2,1,1,1,2017
403,6/2/2017,6,2,1,1,1,2017
404,7/2/2017,7,2,1,1,1,2017
405,8/2/2017,8,2,1,1,1,2017
406,9/2/2017,9,2,1,1,1,2017
407,10/2/2017,10,2,1,1,1,2017
408,11/2/2017,11,2,1,1,1,2017
409,12/2/2017,12,2,1,1,1,2017
410,13/02/2017,13,2,1,1,1,2017
411,14/02/2017,14,2,1,1,1,2017
412,15/02/2017,15,2,1,1,1,2017
413,16/02/2017,16,2,1,1,1,2017
414,17/02/2017,17,2,1,1,1,2017
415,18/02/2017,18,2,1,1,1,2017
416,19/02/2017,19,2,1,1,1,2017
417,20/02/2017,20,2,1,1,1,2017
418,21/02/2017,21,2,1,1,1,2017
419,22/02/2017,22,2,1,1,1,2017
420,23/02/2017,23,2,1,1,1,2017
421,24/02/2017,24,2,1,1,1,2017
422,25/02/2017,25,2,1,1,1,2017
423,26/02/2017,26,2,1,1,1,2017
424,27/02/2017,27,2,1,1,1,2017
425,28/02/2017,28,2,1,1,1,2017
426,1/3/2017,1,3,2,1,1,2017
427,2/3/2017,2,3,2,1,1,2017
428,3/3/2017,3,3,2,1,1,2017
429,4/3/2017,4,3,2,1,1,2017
430,5/3/2017,5,3,2,1,1,2017
431,6/3/2017,6,3,2,1,1,2017
432,7/3/2017,7,3,2,1,1,2017
433,8/3/2017,8,3,2,1,1,2017
434,9/3/2017,9,3,2,1,1,2017
435,10/3/2017,10,3,2,1,1,2017
436,11/3/2017,11,3,2,1,1,2017
437,12/3/2017,12,3,2,1,1,2017
438,13/03/2017,13,3,2,1,1,2017
439,14/03/2017,14,3,2,1,1,2017
440,15/03/2017,15,3,2,1,1,2017
441,16/03/2017,16,3,2,1,1,2017
442,17/03/2017,17,3,2,1,1,2017
443,18/03/2017,18,3,2,1,1,2017
444,19/03/2017,19,3,2,1,1,2017
445,20/03/2017,20,3,2,1,1,2017
446,21/03/2017,21,3,2,1,1,2017
447,22/03/2017,22,3,2,1,1,2017
448,23/03/2017,23,3,2,1,1,2017
449,24/03/2017,24,3,2,1,1,2017
450,25/03/2017,25,3,2,1,1,2017
451,26/03/2017,26,3,2,1,1,2017
452,27/03/2017,27,3,2,1,1,2017
453,28/03/2017,28,3,2,1,1,2017
454,29/03/2017,29,3,2,1,1,2017
455,30/03/2017,30,3,2,1,1,2017
456,31/03/2017,31,3,2,1,1,2017
457,1/4/2017,1,4,2,2,1,2017
458,2/4/2017,2,4,2,2,1,2017
459,3/4/2017,3,4,2,2,1,2017
460,4/4/2017,4,4,2,2,1,2017
461,5/4/2017,5,4,2,2,1,2017
462,6/4/2017,6,4,2,2,1,2017
463,7/4/2017,7,4,2,2,1,2017
464,8/4/2017,8,4,2,2,1,2017
465,9/4/2017,9,4,2,2,1,2017
466,10/4/2017,10,4,2,2,1,2017
467,11/4/2017,11,4,2,2,1,2017
468,12/4/2017,12,4,2,2,1,2017
469,13/04/2017,13,4,2,2,1,2017
470,14/04/2017,14,4,2,2,1,2017
471,15/04/2017,15,4,2,2,1,2017
472,16/04/2017,16,4,2,2,1,2017
473,17/04/2017,17,4,2,2,1,2017
474,18/04/2017,18,4,2,2,1,2017
475,19/04/2017,19,4,2,2,1,2017
476,20/04/2017,20,4,2,2,1,2017
477,21/04/2017,21,4,2,2,1,2017
478,22/04/2017,22,4,2,2,1,2017
479,23/04/2017,23,4,2,2,1,2017
480,24/04/2017,24,4,2,2,1,2017
481,25/04/2017,25,4,2,2,1,2017
482,26/04/2017,26,4,2,2,1,2017
483,27/04/2017,27,4,2,2,1,2017
484,28/04/2017,28,4,2,2,1,2017
485,29/04/2017,29,4,2,2,1,2017
486,30/04/2017,30,4,2,2,1,2017
487,1/5/2017,1,5,3,2,1,2017
488,2/5/2017,2,5,3,2,1,2017
489,3/5/2017,3,5,3,2,1,2017
490,4/5/2017,4,5,3,2,1,2017
491,5/5/2017,5,5,3,2,1,2017
492,6/5/2017,6,5,3,2,1,2017
493,7/5/2017,7,5,3,2,1,2017
494,8/5/2017,8,5,3,2,1,2017
495,9/5/2017,9,5,3,2,1,2017
496,10/5/2017,10,5,3,2,1,2017
497,11/5/2017,11,5,3,2,1,2017
498,12/5/2017,12,5,3,2,1,2017
499,13/05/2017,13,5,3,2,1,2017
500,14/05/2017,14,5,3,2,1,2017
501,15/05/2017,15,5,3,2,1,2017
502,16/05/2017,16,5,3,2,1,2017
503,17/05/2017,17,5,3,2,1,2017
504,18/05/2017,18,5,3,2,1,2017
505,19/05/2017,19,5,3,2,1,2017
506,20/05/2017,20,5,3,2,1,2017
507,21/05/2017,21,5,3,2,1,2017
508,22/05/2017,22,5,3,2,1,2017
509,23/05/2017,23,5,3,2,1,2017
510,24/05/2017,24,5,3,2,1,2017
511,25/05/2017,25,5,3,2,1,2017
512,26/05/2017,26,5,3,2,1,2017
513,27/05/2017,27,5,3,2,1,2017
514,28/05/2017,28,5,3,2,1,2017
515,29/05/2017,29,5,3,2,1,2017
516,30/05/2017,30,5,3,2,1,2017
517,31/05/2017,31,5,3,2,1,2017
518,1/6/2017,1,6,3,2,1,2017
519,2/6/2017,2,6,3,2,1,2017
520,3/6/2017,3,6,3,2,1,2017
521,4/6/2017,4,6,3,2,1,2017
522,5/6/2017,5,6,3,2,1,2017
523,6/6/2017,6,6,3,2,1,2017
524,7/6/2017,7,6,3,2,1,2017
525,8/6/2017,8,6,3,2,1,2017
526,9/6/2017,9,6,3,2,1,2017
527,10/6/2017,10,6,3,2,1,2017
528,11/6/2017,11,6,3,2,1,2017
529,12/6/2017,12,6,3,2,1,2017
530,13/06/2017,13,6,3,2,1,2017
531,14/06/2017,14,6,3,2,1,2017
532,15/06/2017,15,6,3,2,1,2017
533,16/06/2017,16,6,3,2,1,2017
534,17/06/2017,17,6,3,2,1,2017
535,18/06/2017,18,6,3,2,1,2017
536,19/06/2017,19,6,3,2,1,2017
537,20/06/2017,20,6,3,2,1,2017
538,21/06/2017,21,6,3,2,1,2017
539,22/06/2017,22,6,3,2,1,2017
540,23/06/2017,23,6,3,2,1,2017
541,24/06/2017,24,6,3,2,1,2017
542,25/06/2017,25,6,3,2,1,2017
543,26/06/2017,26,6,3,2,1,2017
544,27/06/2017,27,6,3,2,1,2017
545,28/06/2017,28,6,3,2,1,2017
546,29/06/2017,29,6,3,2,1,2017
547,30/06/2017,30,6,3,2,1,2017
548,1/7/2017,1,7,4,3,2,2017
549,2/7/2017,2,7,4,3,2,2017
550,3/7/2017,3,7,4,3,2,2017
551,4/7/2017,4,7,4,3,2,2017
552,5/7/2017,5,7,4,3,2,2017
553,6/7/2017,6,7,4,3,2,2017
554,7/7/2017,7,7,4,3,2,2017
555,8/7/2017,8,7,4,3,2,2017
556,9/7/2017,9,7,4,3,2,2017
557,10/7/2017,10,7,4,3,2,2017
558,11/7/2017,11,7,4,3,2,2017
559,12/7/2017,12,7,4,3,2,2017
560,13/07/2017,13,7,4,3,2,2017
561,14/07/2017,14,7,4,3,2,2017
562,15/07/2017,15,7,4,3,2,2017
563,16/07/2017,16,7,4,3,2,2017
564,17/07/2017,17,7,4,3,2,2017
565,18/07/2017,18,7,4,3,2,2017
566,19/07/2017,19,7,4,3,2,2017
567,20/07/2017,20,7,4,3,2,2017
568,21/07/2017,21,7,4,3,2,2017
569,22/07/2017,22,7,4,3,2,2017
570,23/07/2017,23,7,4,3,2,2017
571,24/07/2017,24,7,4,3,2,2017
572,25/07/2017,25,7,4,3,2,2017
573,26/07/2017,26,7,4,3,2,2017
574,27/07/2017,27,7,4,3,2,2017
575,28/07/2017,28,7,4,3,2,2017
576,29/07/2017,29,7,4,3,2,2017
577,30/07/2017,30,7,4,3,2,2017
578,31/07/2017,31,7,4,3,2,2017
579,1/8/2017,1,8,4,3,2,2017
580,2/8/2017,2,8,4,3,2,2017
581,3/8/2017,3,8,4,3,2,2017
582,4/8/2017,4,8,4,3,2,2017
583,5/8/2017,5,8,4,3,2,2017
584,6/8/2017,6,8,4,3,2,2017
585,7/8/2017,7,8,4,3,2,2017
586,8/8/2017,8,8,4,3,2,2017
587,9/8/2017,9,8,4,3,2,2017
588,10/8/2017,10,8,4,3,2,2017
589,11/8/2017,11,8,4,3,2,2017
590,12/8/2017,12,8,4,3,2,2017
591,13/08/2017,13,8,4,3,2,2017
592,14/08/2017,14,8,4,3,2,2017
593,15/08/2017,15,8,4,3,2,2017
594,16/08/2017,16,8,4,3,2,2017
595,17/08/2017,17,8,4,3,2,2017
596,18/08/2017,18,8,4,3,2,2017
597,19/08/2017,19,8,4,3,2,2017
598,20/08/2017,20,8,4,3,2,2017
599,21/08/2017,21,8,4,3,2,2017
600,22/08/2017,22,8,4,3,2,2017
601,23/08/2017,23,8,4,3,2,2017
602,24/08/2017,24,8,4,3,2,2017
603,25/08/2017,25,8,4,3,2,2017
604,26/08/2017,26,8,4,3,2,2017
605,27/08/2017,27,8,4,3,2,2017
606,28/08/2017,28,8,4,3,2,2017
607,29/08/2017,29,8,4,3,2,2017
608,30/08/2017,30,8,4,3,2,2017
609,31/08/2017,31,8,4,3,2,2017
610,1/9/2017,1,9,5,3,2,2017
611,2/9/2017,2,9,5,3,2,2017
612,3/9/2017,3,9,5,3,2,2017
613,4/9/2017,4,9,5,3,2,2017
614,5/9/2017,5,9,5,3,2,2017
615,6/9/2017,6,9,5,3,2,2017
616,7/9/2017,7,9,5,3,2,2017
617,8/9/2017,8,9,5,3,2,2017
618,9/9/2017,9,9,5,3,2,2017
619,10/9/2017,10,9,5,3,2,2017
620,11/9/2017,11,9,5,3,2,2017
621,12/9/2017,12,9,5,3,2,2017
622,13/09/2017,13,9,5,3,2,2017
623,14/09/2017,14,9,5,3,2,2017
624,15/09/2017,15,9,5,3,2,2017
625,16/09/2017,16,9,5,3,2,2017
626,17/09/2017,17,9,5,3,2,2017
627,18/09/2017,18,9,5,3,2,2017
628,19/09/2017,19,9,5,3,2,2017
629,20/09/2017,20,9,5,3,2,2017
630,21/09/2017,21,9,5,3,2,2017
631,22/09/2017,22,9,5,3,2,2017
632,23/09/2017,23,9,5,3,2,2017
633,24/09/2017,24,9,5,3,2,2017
634,25/09/2017,25,9,5,3,2,2017
635,26/09/2017,26,9,5,3,2,2017
636,27/09/2017,27,9,5,3,2,2017
637,28/09/2017,28,9,5,3,2,2017
638,29/09/2017,29,9,5,3,2,2017
639,30/09/2017,30,9,5,3,2,2017
640,1/10/2017,1,10,5,4,2,2017
641,2/10/2017,2,10,5,4,2,2017
642,3/10/2017,3,10,5,4,2,2017
643,4/10/2017,4,10,5,4,2,2017
644,5/10/2017,5,10,5,4,2,2017
645,6/10/2017,6,10,5,4,2,2017
646,7/10/2017,7,10,5,4,2,2017
647,8/10/2017,8,10,5,4,2,2017
648,9/10/2017,9,10,5,4,2,2017
649,10/10/2017,10,10,5,4,2,2017
650,11/10/2017,11,10,5,4,2,2017
651,12/10/2017,12,10,5,4,2,2017
652,13/10/2017,13,10,5,4,2,2017
653,14/10/2017,14,10,5,4,2,2017
654,15/10/2017,15,10,5,4,2,2017
655,16/10/2017,16,10,5,4,2,2017
656,17/10/2017,17,10,5,4,2,2017
657,18/10/2017,18,10,5,4,2,2017
658,19/10/2017,19,10,5,4,2,2017
659,20/10/2017,20,10,5,4,2,2017
660,21/10/2017,21,10,5,4,2,2017
661,22/10/2017,22,10,5,4,2,2017
662,23/10/2017,23,10,5,4,2,2017
663,24/10/2017,24,10,5,4,2,2017
664,25/10/2017,25,10,5,4,2,2017
665,26/10/2017,26,10,5,4,2,2017
666,27/10/2017,27,10,5,4,2,2017
667,28/10/2017,28,10,5,4,2,2017
668,29/10/2017,29,10,5,4,2,2017
669,30/10/2017,30,10,5,4,2,2017
670,31/10/2017,31,10,5,4,2,2017
671,1/11/2017,1,11,6,4,2,2017
672,2/11/2017,2,11,6,4,2,2017
673,3/11/2017,3,11,6,4,2,2017
674,4/11/2017,4,11,6,4,2,2017
675,5/11/2017,5,11,6,4,2,2017
676,6/11/2017,6,11,6,4,2,2017
677,7/11/2017,7,11,6,4,2,2017
678,8/11/2017,8,11,6,4,2,2017
679,9/11/2017,9,11,6,4,2,2017
680,10/11/2017,10,11,6,4,2,2017
681,11/11/2017,11,11,6,4,2,2017
682,12/11/2017,12,11,6,4,2,2017
683,13/11/2017,13,11,6,4,2,2017
684,14/11/2017,14,11,6,4,2,2017
685,15/11/2017,15,11,6,4,2,2017
686,16/11/2017,16,11,6,4,2,2017
687,17/11/2017,17,11,6,4,2,2017
688,18/11/2017,18,11,6,4,2,2017
689,19/11/2017,19,11,6,4,2,2017
690,20/11/2017,20,11,6,4,2,2017
691,21/11/2017,21,11,6,4,2,2017
692,22/11/2017,22,11,6,4,2,2017
693,23/11/2017,23,11,6,4,2,2017
694,24/11/2017,24,11,6,4,2,2017
695,25/11/2017,25,11,6,4,2,2017
696,26/11/2017,26,11,6,4,2,2017
697,27/11/2017,27,11,6,4,2,2017
698,28/11/2017,28,11,6,4,2,2017
699,29/11/2017,29,11,6,4,2,2017
700,30/11/2017,30,11,6,4,2,2017
701,1/12/2017,1,12,6,4,2,2017
702,2/12/2017,2,12,6,4,2,2017
703,3/12/2017,3,12,6,4,2,2017
704,4/12/2017,4,12,6,4,2,2017
705,5/12/2017,5,12,6,4,2,2017
706,6/12/2017,6,12,6,4,2,2017
707,7/12/2017,7,12,6,4,2,2017
708,8/12/2017,8,12,6,4,2,2017
709,9/12/2017,9,12,6,4,2,2017
710,10/12/2017,10,12,6,4,2,2017
711,11/12/2017,11,12,6,4,2,2017
712,12/12/2017,12,12,6,4,2,2017
713,13/12/2017,13,12,6,4,2,2017
714,14/12/2017,14,12,6,4,2,2017
715,15/12/2017,15,12,6,4,2,2017
716,16/12/2017,16,12,6,4,2,2017
717,17/12/2017,17,12,6,4,2,2017
718,18/12/2017,18,12,6,4,2,2017
719,19/12/2017,19,12,6,4,2,2017
720,20/12/2017,20,12,6,4,2,2017
721,21/12/2017,21,12,6,4,2,2017
722,22/12/2017,22,12,6,4,2,2017
723,23/12/2017,23,12,6,4,2,2017
724,24/12/2017,24,12,6,4,2,2017
725,25/12/2017,25,12,6,4,2,2017
726,26/12/2017,26,12,6,4,2,2017
727,27/12/2017,27,12,6,4,2,2017
728,28/12/2017,28,12,6,4,2,2017
729,29/12/2017,29,12,6,4,2,2017
730,30/12/2017,30,12,6,4,2,2017
731,31/12/2017,31,12,6,4,2,2017
732,1/1/2018,1,1,1,1,1,2018
733,2/1/2018,2,1,1,1,1,2018
734,3/1/2018,3,1,1,1,1,2018
735,4/1/2018,4,1,1,1,1,2018
736,5/1/2018,5,1,1,1,1,2018
737,6/1/2018,6,1,1,1,1,2018
738,7/1/2018,7,1,1,1,1,2018
739,8/1/2018,8,1,1,1,1,2018
740,9/1/2018,9,1,1,1,1,2018
741,10/1/2018,10,1,1,1,1,2018
742,11/1/2018,11,1,1,1,1,2018
743,12/1/2018,12,1,1,1,1,2018
744,13/01/2018,13,1,1,1,1,2018
745,14/01/2018,14,1,1,1,1,2018
746,15/01/2018,15,1,1,1,1,2018
747,16/01/2018,16,1,1,1,1,2018
748,17/01/2018,17,1,1,1,1,2018
749,18/01/2018,18,1,1,1,1,2018
750,19/01/2018,19,1,1,1,1,2018
751,20/01/2018,20,1,1,1,1,2018
752,21/01/2018,21,1,1,1,1,2018
753,22/01/2018,22,1,1,1,1,2018
754,23/01/2018,23,1,1,1,1,2018
755,24/01/2018,24,1,1,1,1,2018
756,25/01/2018,25,1,1,1,1,2018
757,26/01/2018,26,1,1,1,1,2018
758,27/01/2018,27,1,1,1,1,2018
759,28/01/2018,28,1,1,1,1,2018
760,29/01/2018,29,1,1,1,1,2018
761,30/01/2018,30,1,1,1,1,2018
762,31/01/2018,31,1,1,1,1,2018
763,1/2/2018,1,2,1,1,1,2018
764,2/2/2018,2,2,1,1,1,2018
765,3/2/2018,3,2,1,1,1,2018
766,4/2/2018,4,2,1,1,1,2018
767,5/2/2018,5,2,1,1,1,2018
768,6/2/2018,6,2,1,1,1,2018
769,7/2/2018,7,2,1,1,1,2018
770,8/2/2018,8,2,1,1,1,2018
771,9/2/2018,9,2,1,1,1,2018
772,10/2/2018,10,2,1,1,1,2018
773,11/2/2018,11,2,1,1,1,2018
774,12/2/2018,12,2,1,1,1,2018
775,13/02/2018,13,2,1,1,1,2018
776,14/02/2018,14,2,1,1,1,2018
777,15/02/2018,15,2,1,1,1,2018
778,16/02/2018,16,2,1,1,1,2018
779,17/02/2018,17,2,1,1,1,2018
780,18/02/2018,18,2,1,1,1,2018
781,19/02/2018,19,2,1,1,1,2018
782,20/02/2018,20,2,1,1,1,2018
783,21/02/2018,21,2,1,1,1,2018
784,22/02/2018,22,2,1,1,1,2018
785,23/02/2018,23,2,1,1,1,2018
786,24/02/2018,24,2,1,1,1,2018
787,25/02/2018,25,2,1,1,1,2018
788,26/02/2018,26,2,1,1,1,2018
789,27/02/2018,27,2,1,1,1,2018
790,28/02/2018,28,2,1,1,1,2018
791,1/3/2018,1,3,2,1,1,2018
792,2/3/2018,2,3,2,1,1,2018
793,3/3/2018,3,3,2,1,1,2018
794,4/3/2018,4,3,2,1,1,2018
795,5/3/2018,5,3,2,1,1,2018
796,6/3/2018,6,3,2,1,1,2018
797,7/3/2018,7,3,2,1,1,2018
798,8/3/2018,8,3,2,1,1,2018
799,9/3/2018,9,3,2,1,1,2018
800,10/3/2018,10,3,2,1,1,2018
801,11/3/2018,11,3,2,1,1,2018
802,12/3/2018,12,3,2,1,1,2018
803,13/03/2018,13,3,2,1,1,2018
804,14/03/2018,14,3,2,1,1,2018
805,15/03/2018,15,3,2,1,1,2018
806,16/03/2018,16,3,2,1,1,2018
807,17/03/2018,17,3,2,1,1,2018
808,18/03/2018,18,3,2,1,1,2018
809,19/03/2018,19,3,2,1,1,2018
810,20/03/2018,20,3,2,1,1,2018
811,21/03/2018,21,3,2,1,1,2018
812,22/03/2018,22,3,2,1,1,2018
813,23/03/2018,23,3,2,1,1,2018
814,24/03/2018,24,3,2,1,1,2018
815,25/03/2018,25,3,2,1,1,2018
816,26/03/2018,26,3,2,1,1,2018
817,27/03/2018,27,3,2,1,1,2018
818,28/03/2018,28,3,2,1,1,2018
819,29/03/2018,29,3,2,1,1,2018
820,30/03/2018,30,3,2,1,1,2018
821,31/03/2018,31,3,2,1,1,2018
822,1/4/2018,1,4,2,2,1,2018
823,2/4/2018,2,4,2,2,1,2018
824,3/4/2018,3,4,2,2,1,2018
825,4/4/2018,4,4,2,2,1,2018
826,5/4/2018,5,4,2,2,1,2018
827,6/4/2018,6,4,2,2,1,2018
828,7/4/2018,7,4,2,2,1,2018
829,8/4/2018,8,4,2,2,1,2018
830,9/4/2018,9,4,2,2,1,2018
831,10/4/2018,10,4,2,2,1,2018
832,11/4/2018,11,4,2,2,1,2018
833,12/4/2018,12,4,2,2,1,2018
834,13/04/2018,13,4,2,2,1,2018
835,14/04/2018,14,4,2,2,1,2018
836,15/04/2018,15,4,2,2,1,2018
837,16/04/2018,16,4,2,2,1,2018
838,17/04/2018,17,4,2,2,1,2018
839,18/04/2018,18,4,2,2,1,2018
840,19/04/2018,19,4,2,2,1,2018
841,20/04/2018,20,4,2,2,1,2018
842,21/04/2018,21,4,2,2,1,2018
843,22/04/2018,22,4,2,2,1,2018
844,23/04/2018,23,4,2,2,1,2018
845,24/04/2018,24,4,2,2,1,2018
846,25/04/2018,25,4,2,2,1,2018
847,26/04/2018,26,4,2,2,1,2018
848,27/04/2018,27,4,2,2,1,2018
849,28/04/2018,28,4,2,2,1,2018
850,29/04/2018,29,4,2,2,1,2018
851,30/04/2018,30,4,2,2,1,2018
852,1/5/2018,1,5,3,2,1,2018
853,2/5/2018,2,5,3,2,1,2018
854,3/5/2018,3,5,3,2,1,2018
855,4/5/2018,4,5,3,2,1,2018
856,5/5/2018,5,5,3,2,1,2018
857,6/5/2018,6,5,3,2,1,2018
858,7/5/2018,7,5,3,2,1,2018
859,8/5/2018,8,5,3,2,1,2018
860,9/5/2018,9,5,3,2,1,2018
861,10/5/2018,10,5,3,2,1,2018
862,11/5/2018,11,5,3,2,1,2018
863,12/5/2018,12,5,3,2,1,2018
864,13/05/2018,13,5,3,2,1,2018
865,14/05/2018,14,5,3,2,1,2018
866,15/05/2018,15,5,3,2,1,2018
867,16/05/2018,16,5,3,2,1,2018
868,17/05/2018,17,5,3,2,1,2018
869,18/05/2018,18,5,3,2,1,2018
870,19/05/2018,19,5,3,2,1,2018
871,20/05/2018,20,5,3,2,1,2018
872,21/05/2018,21,5,3,2,1,2018
873,22/05/2018,22,5,3,2,1,2018
874,23/05/2018,23,5,3,2,1,2018
875,24/05/2018,24,5,3,2,1,2018
876,25/05/2018,25,5,3,2,1,2018
877,26/05/2018,26,5,3,2,1,2018
878,27/05/2018,27,5,3,2,1,2018
879,28/05/2018,28,5,3,2,1,2018
880,29/05/2018,29,5,3,2,1,2018
881,30/05/2018,30,5,3,2,1,2018
882,31/05/2018,31,5,3,2,1,2018
883,1/6/2018,1,6,3,2,1,2018
884,2/6/2018,2,6,3,2,1,2018
885,3/6/2018,3,6,3,2,1,2018
886,4/6/2018,4,6,3,2,1,2018
887,5/6/2018,5,6,3,2,1,2018
888,6/6/2018,6,6,3,2,1,2018
889,7/6/2018,7,6,3,2,1,2018
890,8/6/2018,8,6,3,2,1,2018
891,9/6/2018,9,6,3,2,1,2018
892,10/6/2018,10,6,3,2,1,2018
893,11/6/2018,11,6,3,2,1,2018
894,12/6/2018,12,6,3,2,1,2018
895,13/06/2018,13,6,3,2,1,2018
896,14/06/2018,14,6,3,2,1,2018
897,15/06/2018,15,6,3,2,1,2018
898,16/06/2018,16,6,3,2,1,2018
899,17/06/2018,17,6,3,2,1,2018
900,18/06/2018,18,6,3,2,1,2018
901,19/06/2018,19,6,3,2,1,2018
902,20/06/2018,20,6,3,2,1,2018
903,21/06/2018,21,6,3,2,1,2018
904,22/06/2018,22,6,3,2,1,2018
905,23/06/2018,23,6,3,2,1,2018
906,24/06/2018,24,6,3,2,1,2018
907,25/06/2018,25,6,3,2,1,2018
908,26/06/2018,26,6,3,2,1,2018
909,27/06/2018,27,6,3,2,1,2018
910,28/06/2018,28,6,3,2,1,2018
911,29/06/2018,29,6,3,2,1,2018
912,30/06/2018,30,6,3,2,1,2018
913,1/7/2018,1,7,4,3,2,2018
914,2/7/2018,2,7,4,3,2,2018
915,3/7/2018,3,7,4,3,2,2018
916,4/7/2018,4,7,4,3,2,2018
917,5/7/2018,5,7,4,3,2,2018
918,6/7/2018,6,7,4,3,2,2018
919,7/7/2018,7,7,4,3,2,2018
920,8/7/2018,8,7,4,3,2,2018
921,9/7/2018,9,7,4,3,2,2018
922,10/7/2018,10,7,4,3,2,2018
923,11/7/2018,11,7,4,3,2,2018
924,12/7/2018,12,7,4,3,2,2018
925,13/07/2018,13,7,4,3,2,2018
926,14/07/2018,14,7,4,3,2,2018
927,15/07/2018,15,7,4,3,2,2018
928,16/07/2018,16,7,4,3,2,2018
929,17/07/2018,17,7,4,3,2,2018
930,18/07/2018,18,7,4,3,2,2018
931,19/07/2018,19,7,4,3,2,2018
932,20/07/2018,20,7,4,3,2,2018
933,21/07/2018,21,7,4,3,2,2018
934,22/07/2018,22,7,4,3,2,2018
935,23/07/2018,23,7,4,3,2,2018
936,24/07/2018,24,7,4,3,2,2018
937,25/07/2018,25,7,4,3,2,2018
938,26/07/2018,26,7,4,3,2,2018
939,27/07/2018,27,7,4,3,2,2018
940,28/07/2018,28,7,4,3,2,2018
941,29/07/2018,29,7,4,3,2,2018
942,30/07/2018,30,7,4,3,2,2018
943,31/07/2018,31,7,4,3,2,2018
944,1/8/2018,1,8,4,3,2,2018
945,2/8/2018,2,8,4,3,2,2018
946,3/8/2018,3,8,4,3,2,2018
947,4/8/2018,4,8,4,3,2,2018
948,5/8/2018,5,8,4,3,2,2018
949,6/8/2018,6,8,4,3,2,2018
950,7/8/2018,7,8,4,3,2,2018
951,8/8/2018,8,8,4,3,2,2018
952,9/8/2018,9,8,4,3,2,2018
953,10/8/2018,10,8,4,3,2,2018
954,11/8/2018,11,8,4,3,2,2018
955,12/8/2018,12,8,4,3,2,2018
956,13/08/2018,13,8,4,3,2,2018
957,14/08/2018,14,8,4,3,2,2018
958,15/08/2018,15,8,4,3,2,2018
959,16/08/2018,16,8,4,3,2,2018
960,17/08/2018,17,8,4,3,2,2018
961,18/08/2018,18,8,4,3,2,2018
962,19/08/2018,19,8,4,3,2,2018
963,20/08/2018,20,8,4,3,2,2018
964,21/08/2018,21,8,4,3,2,2018
965,22/08/2018,22,8,4,3,2,2018
966,23/08/2018,23,8,4,3,2,2018
967,24/08/2018,24,8,4,3,2,2018
968,25/08/2018,25,8,4,3,2,2018
969,26/08/2018,26,8,4,3,2,2018
970,27/08/2018,27,8,4,3,2,2018
971,28/08/2018,28,8,4,3,2,2018
972,29/08/2018,29,8,4,3,2,2018
973,30/08/2018,30,8,4,3,2,2018
974,31/08/2018,31,8,4,3,2,2018
975,1/9/2018,1,9,5,3,2,2018
976,2/9/2018,2,9,5,3,2,2018
977,3/9/2018,3,9,5,3,2,2018
978,4/9/2018,4,9,5,3,2,2018
979,5/9/2018,5,9,5,3,2,2018
980,6/9/2018,6,9,5,3,2,2018
981,7/9/2018,7,9,5,3,2,2018
982,8/9/2018,8,9,5,3,2,2018
983,9/9/2018,9,9,5,3,2,2018
984,10/9/2018,10,9,5,3,2,2018
985,11/9/2018,11,9,5,3,2,2018
986,12/9/2018,12,9,5,3,2,2018
987,13/09/2018,13,9,5,3,2,2018
988,14/09/2018,14,9,5,3,2,2018
989,15/09/2018,15,9,5,3,2,2018
990,16/09/2018,16,9,5,3,2,2018
991,17/09/2018,17,9,5,3,2,2018
992,18/09/2018,18,9,5,3,2,2018
993,19/09/2018,19,9,5,3,2,2018
994,20/09/2018,20,9,5,3,2,2018
995,21/09/2018,21,9,5,3,2,2018
996,22/09/2018,22,9,5,3,2,2018
997,23/09/2018,23,9,5,3,2,2018
998,24/09/2018,24,9,5,3,2,2018
999,25/09/2018,25,9,5,3,2,2018
1000,26/09/2018,26,9,5,3,2,2018
1001,27/09/2018,27,9,5,3,2,2018
1002,28/09/2018,28,9,5,3,2,2018
1003,29/09/2018,29,9,5,3,2,2018
1004,30/09/2018,30,9,5,3,2,2018
1005,1/10/2018,1,10,5,4,2,2018
1006,2/10/2018,2,10,5,4,2,2018
1007,3/10/2018,3,10,5,4,2,2018
1008,4/10/2018,4,10,5,4,2,2018
1009,5/10/2018,5,10,5,4,2,2018
1010,6/10/2018,6,10,5,4,2,2018
1011,7/10/2018,7,10,5,4,2,2018
1012,8/10/2018,8,10,5,4,2,2018
1013,9/10/2018,9,10,5,4,2,2018
1014,10/10/2018,10,10,5,4,2,2018
1015,11/10/2018,11,10,5,4,2,2018
1016,12/10/2018,12,10,5,4,2,2018
1017,13/10/2018,13,10,5,4,2,2018
1018,14/10/2018,14,10,5,4,2,2018
1019,15/10/2018,15,10,5,4,2,2018
1020,16/10/2018,16,10,5,4,2,2018
1021,17/10/2018,17,10,5,4,2,2018
1022,18/10/2018,18,10,5,4,2,2018
1023,19/10/2018,19,10,5,4,2,2018
1024,20/10/2018,20,10,5,4,2,2018
1025,21/10/2018,21,10,5,4,2,2018
1026,22/10/2018,22,10,5,4,2,2018
1027,23/10/2018,23,10,5,4,2,2018
1028,24/10/2018,24,10,5,4,2,2018
1029,25/10/2018,25,10,5,4,2,2018
1030,26/10/2018,26,10,5,4,2,2018
1031,27/10/2018,27,10,5,4,2,2018
1032,28/10/2018,28,10,5,4,2,2018
1033,29/10/2018,29,10,5,4,2,2018
1034,30/10/2018,30,10,5,4,2,2018
1035,31/10/2018,31,10,5,4,2,2018
1036,1/11/2018,1,11,6,4,2,2018
1037,2/11/2018,2,11,6,4,2,2018
1038,3/11/2018,3,11,6,4,2,2018
1039,4/11/2018,4,11,6,4,2,2018
1040,5/11/2018,5,11,6,4,2,2018
1041,6/11/2018,6,11,6,4,2,2018
1042,7/11/2018,7,11,6,4,2,2018
1043,8/11/2018,8,11,6,4,2,2018
1044,9/11/2018,9,11,6,4,2,2018
1045,10/11/2018,10,11,6,4,2,2018
1046,11/11/2018,11,11,6,4,2,2018
1047,12/11/2018,12,11,6,4,2,2018
1048,13/11/2018,13,11,6,4,2,2018
1049,14/11/2018,14,11,6,4,2,2018
1050,15/11/2018,15,11,6,4,2,2018
1051,16/11/2018,16,11,6,4,2,2018
1052,17/11/2018,17,11,6,4,2,2018
1053,18/11/2018,18,11,6,4,2,2018
1054,19/11/2018,19,11,6,4,2,2018
1055,20/11/2018,20,11,6,4,2,2018
1056,21/11/2018,21,11,6,4,2,2018
1057,22/11/2018,22,11,6,4,2,2018
1058,23/11/2018,23,11,6,4,2,2018
1059,24/11/2018,24,11,6,4,2,2018
1060,25/11/2018,25,11,6,4,2,2018
1061,26/11/2018,26,11,6,4,2,2018
1062,27/11/2018,27,11,6,4,2,2018
1063,28/11/2018,28,11,6,4,2,2018
1064,29/11/2018,29,11,6,4,2,2018
1065,30/11/2018,30,11,6,4,2,2018
1066,1/12/2018,1,12,6,4,2,2018
1067,2/12/2018,2,12,6,4,2,2018
1068,3/12/2018,3,12,6,4,2,2018
1069,4/12/2018,4,12,6,4,2,2018
1070,5/12/2018,5,12,6,4,2,2018
1071,6/12/2018,6,12,6,4,2,2018
1072,7/12/2018,7,12,6,4,2,2018
1073,8/12/2018,8,12,6,4,2,2018
1074,9/12/2018,9,12,6,4,2,2018
1075,10/12/2018,10,12,6,4,2,2018
1076,11/12/2018,11,12,6,4,2,2018
1077,12/12/2018,12,12,6,4,2,2018
1078,13/12/2018,13,12,6,4,2,2018
1079,14/12/2018,14,12,6,4,2,2018
1080,15/12/2018,15,12,6,4,2,2018
1081,16/12/2018,16,12,6,4,2,2018
1082,17/12/2018,17,12,6,4,2,2018
1083,18/12/2018,18,12,6,4,2,2018
1084,19/12/2018,19,12,6,4,2,2018
1085,20/12/2018,20,12,6,4,2,2018
1086,21/12/2018,21,12,6,4,2,2018
1087,22/12/2018,22,12,6,4,2,2018
1088,23/12/2018,23,12,6,4,2,2018
1089,24/12/2018,24,12,6,4,2,2018
1090,25/12/2018,25,12,6,4,2,2018
1091,26/12/2018,26,12,6,4,2,2018
1092,27/12/2018,27,12,6,4,2,2018
1093,28/12/2018,28,12,6,4,2,2018
1094,29/12/2018,29,12,6,4,2,2018
1095,30/12/2018,30,12,6,4,2,2018
1096,31/12/2018,31,12,6,4,2,2018
1097,1/1/2019,1,1,1,1,1,2019
1098,2/1/2019,2,1,1,1,1,2019
1099,3/1/2019,3,1,1,1,1,2019
1100,4/1/2019,4,1,1,1,1,2019
1101,5/1/2019,5,1,1,1,1,2019
1102,6/1/2019,6,1,1,1,1,2019
1103,7/1/2019,7,1,1,1,1,2019
1104,8/1/2019,8,1,1,1,1,2019
1105,9/1/2019,9,1,1,1,1,2019
1106,10/1/2019,10,1,1,1,1,2019
1107,11/1/2019,11,1,1,1,1,2019
1108,12/1/2019,12,1,1,1,1,2019
1109,13/01/2019,13,1,1,1,1,2019
1110,14/01/2019,14,1,1,1,1,2019
1111,15/01/2019,15,1,1,1,1,2019
1112,16/01/2019,16,1,1,1,1,2019
1113,17/01/2019,17,1,1,1,1,2019
1114,18/01/2019,18,1,1,1,1,2019
1115,19/01/2019,19,1,1,1,1,2019
1116,20/01/2019,20,1,1,1,1,2019
1117,21/01/2019,21,1,1,1,1,2019
1118,22/01/2019,22,1,1,1,1,2019
1119,23/01/2019,23,1,1,1,1,2019
1120,24/01/2019,24,1,1,1,1,2019
1121,25/01/2019,25,1,1,1,1,2019
1122,26/01/2019,26,1,1,1,1,2019
1123,27/01/2019,27,1,1,1,1,2019
1124,28/01/2019,28,1,1,1,1,2019
1125,29/01/2019,29,1,1,1,1,2019
1126,30/01/2019,30,1,1,1,1,2019
1127,31/01/2019,31,1,1,1,1,2019
1128,1/2/2019,1,2,1,1,1,2019
1129,2/2/2019,2,2,1,1,1,2019
1130,3/2/2019,3,2,1,1,1,2019
1131,4/2/2019,4,2,1,1,1,2019
1132,5/2/2019,5,2,1,1,1,2019
1133,6/2/2019,6,2,1,1,1,2019
1134,7/2/2019,7,2,1,1,1,2019
1135,8/2/2019,8,2,1,1,1,2019
1136,9/2/2019,9,2,1,1,1,2019
1137,10/2/2019,10,2,1,1,1,2019
1138,11/2/2019,11,2,1,1,1,2019
1139,12/2/2019,12,2,1,1,1,2019
1140,13/02/2019,13,2,1,1,1,2019
1141,14/02/2019,14,2,1,1,1,2019
1142,15/02/2019,15,2,1,1,1,2019
1143,16/02/2019,16,2,1,1,1,2019
1144,17/02/2019,17,2,1,1,1,2019
1145,18/02/2019,18,2,1,1,1,2019
1146,19/02/2019,19,2,1,1,1,2019
1147,20/02/2019,20,2,1,1,1,2019
1148,21/02/2019,21,2,1,1,1,2019
1149,22/02/2019,22,2,1,1,1,2019
1150,23/02/2019,23,2,1,1,1,2019
1151,24/02/2019,24,2,1,1,1,2019
1152,25/02/2019,25,2,1,1,1,2019
1153,26/02/2019,26,2,1,1,1,2019
1154,27/02/2019,27,2,1,1,1,2019
1155,28/02/2019,28,2,1,1,1,2019
1156,1/3/2019,1,3,2,1,1,2019
1157,2/3/2019,2,3,2,1,1,2019
1158,3/3/2019,3,3,2,1,1,2019
1159,4/3/2019,4,3,2,1,1,2019
1160,5/3/2019,5,3,2,1,1,2019
1161,6/3/2019,6,3,2,1,1,2019
1162,7/3/2019,7,3,2,1,1,2019
1163,8/3/2019,8,3,2,1,1,2019
1164,9/3/2019,9,3,2,1,1,2019
1165,10/3/2019,10,3,2,1,1,2019
1166,11/3/2019,11,3,2,1,1,2019
1167,12/3/2019,12,3,2,1,1,2019
1168,13/03/2019,13,3,2,1,1,2019
1169,14/03/2019,14,3,2,1,1,2019
1170,15/03/2019,15,3,2,1,1,2019
1171,16/03/2019,16,3,2,1,1,2019
1172,17/03/2019,17,3,2,1,1,2019
1173,18/03/2019,18,3,2,1,1,2019
1174,19/03/2019,19,3,2,1,1,2019
1175,20/03/2019,20,3,2,1,1,2019
1176,21/03/2019,21,3,2,1,1,2019
1177,22/03/2019,22,3,2,1,1,2019
1178,23/03/2019,23,3,2,1,1,2019
1179,24/03/2019,24,3,2,1,1,2019
1180,25/03/2019,25,3,2,1,1,2019
1181,26/03/2019,26,3,2,1,1,2019
1182,27/03/2019,27,3,2,1,1,2019
1183,28/03/2019,28,3,2,1,1,2019
1184,29/03/2019,29,3,2,1,1,2019
1185,30/03/2019,30,3,2,1,1,2019
1186,31/03/2019,31,3,2,1,1,2019
1187,1/4/2019,1,4,2,2,1,2019
1188,2/4/2019,2,4,2,2,1,2019
1189,3/4/2019,3,4,2,2,1,2019
1190,4/4/2019,4,4,2,2,1,2019
1191,5/4/2019,5,4,2,2,1,2019
1192,6/4/2019,6,4,2,2,1,2019
1193,7/4/2019,7,4,2,2,1,2019
1194,8/4/2019,8,4,2,2,1,2019
1195,9/4/2019,9,4,2,2,1,2019
1196,10/4/2019,10,4,2,2,1,2019
1197,11/4/2019,11,4,2,2,1,2019
1198,12/4/2019,12,4,2,2,1,2019
1199,13/04/2019,13,4,2,2,1,2019
1200,14/04/2019,14,4,2,2,1,2019
1201,15/04/2019,15,4,2,2,1,2019
1202,16/04/2019,16,4,2,2,1,2019
1203,17/04/2019,17,4,2,2,1,2019
1204,18/04/2019,18,4,2,2,1,2019
1205,19/04/2019,19,4,2,2,1,2019
1206,20/04/2019,20,4,2,2,1,2019
1207,21/04/2019,21,4,2,2,1,2019
1208,22/04/2019,22,4,2,2,1,2019
1209,23/04/2019,23,4,2,2,1,2019
1210,24/04/2019,24,4,2,2,1,2019
1211,25/04/2019,25,4,2,2,1,2019
1212,26/04/2019,26,4,2,2,1,2019
1213,27/04/2019,27,4,2,2,1,2019
1214,28/04/2019,28,4,2,2,1,2019
1215,29/04/2019,29,4,2,2,1,2019
1216,30/04/2019,30,4,2,2,1,2019
1217,1/5/2019,1,5,3,2,1,2019
1218,2/5/2019,2,5,3,2,1,2019
1219,3/5/2019,3,5,3,2,1,2019
1220,4/5/2019,4,5,3,2,1,2019
1221,5/5/2019,5,5,3,2,1,2019
1222,6/5/2019,6,5,3,2,1,2019
1223,7/5/2019,7,5,3,2,1,2019
1224,8/5/2019,8,5,3,2,1,2019
1225,9/5/2019,9,5,3,2,1,2019
1226,10/5/2019,10,5,3,2,1,2019
1227,11/5/2019,11,5,3,2,1,2019
1228,12/5/2019,12,5,3,2,1,2019
1229,13/05/2019,13,5,3,2,1,2019
1230,14/05/2019,14,5,3,2,1,2019
1231,15/05/2019,15,5,3,2,1,2019
1232,16/05/2019,16,5,3,2,1,2019
1233,17/05/2019,17,5,3,2,1,2019
1234,18/05/2019,18,5,3,2,1,2019
1235,19/05/2019,19,5,3,2,1,2019
1236,20/05/2019,20,5,3,2,1,2019
1237,21/05/2019,21,5,3,2,1,2019
1238,22/05/2019,22,5,3,2,1,2019
1239,23/05/2019,23,5,3,2,1,2019
1240,24/05/2019,24,5,3,2,1,2019
1241,25/05/2019,25,5,3,2,1,2019
1242,26/05/2019,26,5,3,2,1,2019
1243,27/05/2019,27,5,3,2,1,2019
1244,28/05/2019,28,5,3,2,1,2019
1245,29/05/2019,29,5,3,2,1,2019
1246,30/05/2019,30,5,3,2,1,2019
1247,31/05/2019,31,5,3,2,1,2019
1248,1/6/2019,1,6,3,2,1,2019
1249,2/6/2019,2,6,3,2,1,2019
1250,3/6/2019,3,6,3,2,1,2019
1251,4/6/2019,4,6,3,2,1,2019
1252,5/6/2019,5,6,3,2,1,2019
1253,6/6/2019,6,6,3,2,1,2019
1254,7/6/2019,7,6,3,2,1,2019
1255,8/6/2019,8,6,3,2,1,2019
1256,9/6/2019,9,6,3,2,1,2019
1257,10/6/2019,10,6,3,2,1,2019
1258,11/6/2019,11,6,3,2,1,2019
1259,12/6/2019,12,6,3,2,1,2019
1260,13/06/2019,13,6,3,2,1,2019
1261,14/06/2019,14,6,3,2,1,2019
1262,15/06/2019,15,6,3,2,1,2019
1263,16/06/2019,16,6,3,2,1,2019
1264,17/06/2019,17,6,3,2,1,2019
1265,18/06/2019,18,6,3,2,1,2019
1266,19/06/2019,19,6,3,2,1,2019
1267,20/06/2019,20,6,3,2,1,2019
1268,21/06/2019,21,6,3,2,1,2019
1269,22/06/2019,22,6,3,2,1,2019
1270,23/06/2019,23,6,3,2,1,2019
1271,24/06/2019,24,6,3,2,1,2019
1272,25/06/2019,25,6,3,2,1,2019
1273,26/06/2019,26,6,3,2,1,2019
1274,27/06/2019,27,6,3,2,1,2019
1275,28/06/2019,28,6,3,2,1,2019
1276,29/06/2019,29,6,3,2,1,2019
1277,30/06/2019,30,6,3,2,1,2019
1278,1/7/2019,1,7,4,3,2,2019
1279,2/7/2019,2,7,4,3,2,2019
1280,3/7/2019,3,7,4,3,2,2019
1281,4/7/2019,4,7,4,3,2,2019
1282,5/7/2019,5,7,4,3,2,2019
1283,6/7/2019,6,7,4,3,2,2019
1284,7/7/2019,7,7,4,3,2,2019
1285,8/7/2019,8,7,4,3,2,2019
1286,9/7/2019,9,7,4,3,2,2019
1287,10/7/2019,10,7,4,3,2,2019
1288,11/7/2019,11,7,4,3,2,2019
1289,12/7/2019,12,7,4,3,2,2019
1290,13/07/2019,13,7,4,3,2,2019
1291,14/07/2019,14,7,4,3,2,2019
1292,15/07/2019,15,7,4,3,2,2019
1293,16/07/2019,16,7,4,3,2,2019
1294,17/07/2019,17,7,4,3,2,2019
1295,18/07/2019,18,7,4,3,2,2019
1296,19/07/2019,19,7,4,3,2,2019
1297,20/07/2019,20,7,4,3,2,2019
1298,21/07/2019,21,7,4,3,2,2019
1299,22/07/2019,22,7,4,3,2,2019
1300,23/07/2019,23,7,4,3,2,2019
1301,24/07/2019,24,7,4,3,2,2019
1302,25/07/2019,25,7,4,3,2,2019
1303,26/07/2019,26,7,4,3,2,2019
1304,27/07/2019,27,7,4,3,2,2019
1305,28/07/2019,28,7,4,3,2,2019
1306,29/07/2019,29,7,4,3,2,2019
1307,30/07/2019,30,7,4,3,2,2019
1308,31/07/2019,31,7,4,3,2,2019
1309,1/8/2019,1,8,4,3,2,2019
1310,2/8/2019,2,8,4,3,2,2019
1311,3/8/2019,3,8,4,3,2,2019
1312,4/8/2019,4,8,4,3,2,2019
1313,5/8/2019,5,8,4,3,2,2019
1314,6/8/2019,6,8,4,3,2,2019
1315,7/8/2019,7,8,4,3,2,2019
1316,8/8/2019,8,8,4,3,2,2019
1317,9/8/2019,9,8,4,3,2,2019
1318,10/8/2019,10,8,4,3,2,2019
1319,11/8/2019,11,8,4,3,2,2019
1320,12/8/2019,12,8,4,3,2,2019
1321,13/08/2019,13,8,4,3,2,2019
1322,14/08/2019,14,8,4,3,2,2019
1323,15/08/2019,15,8,4,3,2,2019
1324,16/08/2019,16,8,4,3,2,2019
1325,17/08/2019,17,8,4,3,2,2019
1326,18/08/2019,18,8,4,3,2,2019
1327,19/08/2019,19,8,4,3,2,2019
1328,20/08/2019,20,8,4,3,2,2019
1329,21/08/2019,21,8,4,3,2,2019
1330,22/08/2019,22,8,4,3,2,2019
1331,23/08/2019,23,8,4,3,2,2019
1332,24/08/2019,24,8,4,3,2,2019
1333,25/08/2019,25,8,4,3,2,2019
1334,26/08/2019,26,8,4,3,2,2019
1335,27/08/2019,27,8,4,3,2,2019
1336,28/08/2019,28,8,4,3,2,2019
1337,29/08/2019,29,8,4,3,2,2019
1338,30/08/2019,30,8,4,3,2,2019
1339,31/08/2019,31,8,4,3,2,2019
1340,1/9/2019,1,9,5,3,2,2019
1341,2/9/2019,2,9,5,3,2,2019
1342,3/9/2019,3,9,5,3,2,2019
1343,4/9/2019,4,9,5,3,2,2019
1344,5/9/2019,5,9,5,3,2,2019
1345,6/9/2019,6,9,5,3,2,2019
1346,7/9/2019,7,9,5,3,2,2019
1347,8/9/2019,8,9,5,3,2,2019
1348,9/9/2019,9,9,5,3,2,2019
1349,10/9/2019,10,9,5,3,2,2019
1350,11/9/2019,11,9,5,3,2,2019
1351,12/9/2019,12,9,5,3,2,2019
1352,13/09/2019,13,9,5,3,2,2019
1353,14/09/2019,14,9,5,3,2,2019
1354,15/09/2019,15,9,5,3,2,2019
1355,16/09/2019,16,9,5,3,2,2019
1356,17/09/2019,17,9,5,3,2,2019
1357,18/09/2019,18,9,5,3,2,2019
1358,19/09/2019,19,9,5,3,2,2019
1359,20/09/2019,20,9,5,3,2,2019
1360,21/09/2019,21,9,5,3,2,2019
1361,22/09/2019,22,9,5,3,2,2019
1362,23/09/2019,23,9,5,3,2,2019
1363,24/09/2019,24,9,5,3,2,2019
1364,25/09/2019,25,9,5,3,2,2019
1365,26/09/2019,26,9,5,3,2,2019
1366,27/09/2019,27,9,5,3,2,2019
1367,28/09/2019,28,9,5,3,2,2019
1368,29/09/2019,29,9,5,3,2,2019
1369,30/09/2019,30,9,5,3,2,2019
1370,1/10/2019,1,10,5,4,2,2019
1371,2/10/2019,2,10,5,4,2,2019
1372,3/10/2019,3,10,5,4,2,2019
1373,4/10/2019,4,10,5,4,2,2019
1374,5/10/2019,5,10,5,4,2,2019
1375,6/10/2019,6,10,5,4,2,2019
1376,7/10/2019,7,10,5,4,2,2019
1377,8/10/2019,8,10,5,4,2,2019
1378,9/10/2019,9,10,5,4,2,2019
1379,10/10/2019,10,10,5,4,2,2019
1380,11/10/2019,11,10,5,4,2,2019
1381,12/10/2019,12,10,5,4,2,2019
1382,13/10/2019,13,10,5,4,2,2019
1383,14/10/2019,14,10,5,4,2,2019
1384,15/10/2019,15,10,5,4,2,2019
1385,16/10/2019,16,10,5,4,2,2019
1386,17/10/2019,17,10,5,4,2,2019
1387,18/10/2019,18,10,5,4,2,2019
1388,19/10/2019,19,10,5,4,2,2019
1389,20/10/2019,20,10,5,4,2,2019
1390,21/10/2019,21,10,5,4,2,2019
1391,22/10/2019,22,10,5,4,2,2019
1392,23/10/2019,23,10,5,4,2,2019
1393,24/10/2019,24,10,5,4,2,2019
1394,25/10/2019,25,10,5,4,2,2019
1395,26/10/2019,26,10,5,4,2,2019
1396,27/10/2019,27,10,5,4,2,2019
1397,28/10/2019,28,10,5,4,2,2019
1398,29/10/2019,29,10,5,4,2,2019
1399,30/10/2019,30,10,5,4,2,2019
1400,31/10/2019,31,10,5,4,2,2019
1401,1/11/2019,1,11,6,4,2,2019
1402,2/11/2019,2,11,6,4,2,2019
1403,3/11/2019,3,11,6,4,2,2019
1404,4/11/2019,4,11,6,4,2,2019
1405,5/11/2019,5,11,6,4,2,2019
1406,6/11/2019,6,11,6,4,2,2019
1407,7/11/2019,7,11,6,4,2,2019
1408,8/11/2019,8,11,6,4,2,2019
1409,9/11/2019,9,11,6,4,2,2019
1410,10/11/2019,10,11,6,4,2,2019
1411,11/11/2019,11,11,6,4,2,2019
1412,12/11/2019,12,11,6,4,2,2019
1413,13/11/2019,13,11,6,4,2,2019
1414,14/11/2019,14,11,6,4,2,2019
1415,15/11/2019,15,11,6,4,2,2019
1416,16/11/2019,16,11,6,4,2,2019
1417,17/11/2019,17,11,6,4,2,2019
1418,18/11/2019,18,11,6,4,2,2019
1419,19/11/2019,19,11,6,4,2,2019
1420,20/11/2019,20,11,6,4,2,2019
1421,21/11/2019,21,11,6,4,2,2019
1422,22/11/2019,22,11,6,4,2,2019
1423,23/11/2019,23,11,6,4,2,2019
1424,24/11/2019,24,11,6,4,2,2019
1425,25/11/2019,25,11,6,4,2,2019
1426,26/11/2019,26,11,6,4,2,2019
1427,27/11/2019,27,11,6,4,2,2019
1428,28/11/2019,28,11,6,4,2,2019
1429,29/11/2019,29,11,6,4,2,2019
1430,30/11/2019,30,11,6,4,2,2019
1431,1/12/2019,1,12,6,4,2,2019
1432,2/12/2019,2,12,6,4,2,2019
1433,3/12/2019,3,12,6,4,2,2019
1434,4/12/2019,4,12,6,4,2,2019
1435,5/12/2019,5,12,6,4,2,2019
1436,6/12/2019,6,12,6,4,2,2019
1437,7/12/2019,7,12,6,4,2,2019
1438,8/12/2019,8,12,6,4,2,2019
1439,9/12/2019,9,12,6,4,2,2019
1440,10/12/2019,10,12,6,4,2,2019
1441,11/12/2019,11,12,6,4,2,2019
1442,12/12/2019,12,12,6,4,2,2019
1443,13/12/2019,13,12,6,4,2,2019
1444,14/12/2019,14,12,6,4,2,2019
1445,15/12/2019,15,12,6,4,2,2019
1446,16/12/2019,16,12,6,4,2,2019
1447,17/12/2019,17,12,6,4,2,2019
1448,18/12/2019,18,12,6,4,2,2019
1449,19/12/2019,19,12,6,4,2,2019
1450,20/12/2019,20,12,6,4,2,2019
1451,21/12/2019,21,12,6,4,2,2019
1452,22/12/2019,22,12,6,4,2,2019
1453,23/12/2019,23,12,6,4,2,2019
1454,24/12/2019,24,12,6,4,2,2019
1455,25/12/2019,25,12,6,4,2,2019
1456,26/12/2019,26,12,6,4,2,2019
1457,27/12/2019,27,12,6,4,2,2019
1458,28/12/2019,28,12,6,4,2,2019
1459,29/12/2019,29,12,6,4,2,2019
1460,30/12/2019,30,12,6,4,2,2019
1461,31/12/2019,31,12,6,4,2,2019
1462,1/1/2020,1,1,1,1,1,2020
1463,2/1/2020,2,1,1,1,1,2020
1464,3/1/2020,3,1,1,1,1,2020
1465,4/1/2020,4,1,1,1,1,2020
1466,5/1/2020,5,1,1,1,1,2020
1467,6/1/2020,6,1,1,1,1,2020
1468,7/1/2020,7,1,1,1,1,2020
1469,8/1/2020,8,1,1,1,1,2020
1470,9/1/2020,9,1,1,1,1,2020
1471,10/1/2020,10,1,1,1,1,2020
1472,11/1/2020,11,1,1,1,1,2020
1473,12/1/2020,12,1,1,1,1,2020
1474,13/01/2020,13,1,1,1,1,2020
1475,14/01/2020,14,1,1,1,1,2020
1476,15/01/2020,15,1,1,1,1,2020
1477,16/01/2020,16,1,1,1,1,2020
1478,17/01/2020,17,1,1,1,1,2020
1479,18/01/2020,18,1,1,1,1,2020
1480,19/01/2020,19,1,1,1,1,2020
1481,20/01/2020,20,1,1,1,1,2020
1482,21/01/2020,21,1,1,1,1,2020
1483,22/01/2020,22,1,1,1,1,2020
1484,23/01/2020,23,1,1,1,1,2020
1485,24/01/2020,24,1,1,1,1,2020
1486,25/01/2020,25,1,1,1,1,2020
1487,26/01/2020,26,1,1,1,1,2020
1488,27/01/2020,27,1,1,1,1,2020
1489,28/01/2020,28,1,1,1,1,2020
1490,29/01/2020,29,1,1,1,1,2020
1491,30/01/2020,30,1,1,1,1,2020
1492,31/01/2020,31,1,1,1,1,2020
1493,1/2/2020,1,2,1,1,1,2020
1494,2/2/2020,2,2,1,1,1,2020
1495,3/2/2020,3,2,1,1,1,2020
1496,4/2/2020,4,2,1,1,1,2020
1497,5/2/2020,5,2,1,1,1,2020
1498,6/2/2020,6,2,1,1,1,2020
1499,7/2/2020,7,2,1,1,1,2020
1500,8/2/2020,8,2,1,1,1,2020
1501,9/2/2020,9,2,1,1,1,2020
1502,10/2/2020,10,2,1,1,1,2020
1503,11/2/2020,11,2,1,1,1,2020
1504,12/2/2020,12,2,1,1,1,2020
1505,13/02/2020,13,2,1,1,1,2020
1506,14/02/2020,14,2,1,1,1,2020
1507,15/02/2020,15,2,1,1,1,2020
1508,16/02/2020,16,2,1,1,1,2020
1509,17/02/2020,17,2,1,1,1,2020
1510,18/02/2020,18,2,1,1,1,2020
1511,19/02/2020,19,2,1,1,1,2020
1512,20/02/2020,20,2,1,1,1,2020
1513,21/02/2020,21,2,1,1,1,2020
1514,22/02/2020,22,2,1,1,1,2020
1515,23/02/2020,23,2,1,1,1,2020
1516,24/02/2020,24,2,1,1,1,2020
1517,25/02/2020,25,2,1,1,1,2020
1518,26/02/2020,26,2,1,1,1,2020
1519,27/02/2020,27,2,1,1,1,2020
1520,28/02/2020,28,2,1,1,1,2020
1521,29/02/2020,29,2,1,1,1,2020
1522,1/3/2020,1,3,2,1,1,2020
1523,2/3/2020,2,3,2,1,1,2020
1524,3/3/2020,3,3,2,1,1,2020
1525,4/3/2020,4,3,2,1,1,2020
1526,5/3/2020,5,3,2,1,1,2020
1527,6/3/2020,6,3,2,1,1,2020
1528,7/3/2020,7,3,2,1,1,2020
1529,8/3/2020,8,3,2,1,1,2020
1530,9/3/2020,9,3,2,1,1,2020
1531,10/3/2020,10,3,2,1,1,2020
1532,11/3/2020,11,3,2,1,1,2020
1533,12/3/2020,12,3,2,1,1,2020
1534,13/03/2020,13,3,2,1,1,2020
1535,14/03/2020,14,3,2,1,1,2020
1536,15/03/2020,15,3,2,1,1,2020
1537,16/03/2020,16,3,2,1,1,2020
1538,17/03/2020,17,3,2,1,1,2020
1539,18/03/2020,18,3,2,1,1,2020
1540,19/03/2020,19,3,2,1,1,2020
1541,20/03/2020,20,3,2,1,1,2020
1542,21/03/2020,21,3,2,1,1,2020
1543,22/03/2020,22,3,2,1,1,2020
1544,23/03/2020,23,3,2,1,1,2020
1545,24/03/2020,24,3,2,1,1,2020
1546,25/03/2020,25,3,2,1,1,2020
1547,26/03/2020,26,3,2,1,1,2020
1548,27/03/2020,27,3,2,1,1,2020
1549,28/03/2020,28,3,2,1,1,2020
1550,29/03/2020,29,3,2,1,1,2020
1551,30/03/2020,30,3,2,1,1,2020
1552,31/03/2020,31,3,2,1,1,2020
1553,1/4/2020,1,4,2,2,1,2020
1554,2/4/2020,2,4,2,2,1,2020
1555,3/4/2020,3,4,2,2,1,2020
1556,4/4/2020,4,4,2,2,1,2020
1557,5/4/2020,5,4,2,2,1,2020
1558,6/4/2020,6,4,2,2,1,2020
1559,7/4/2020,7,4,2,2,1,2020
1560,8/4/2020,8,4,2,2,1,2020
1561,9/4/2020,9,4,2,2,1,2020
1562,10/4/2020,10,4,2,2,1,2020
1563,11/4/2020,11,4,2,2,1,2020
1564,12/4/2020,12,4,2,2,1,2020
1565,13/04/2020,13,4,2,2,1,2020
1566,14/04/2020,14,4,2,2,1,2020
1567,15/04/2020,15,4,2,2,1,2020
1568,16/04/2020,16,4,2,2,1,2020
1569,17/04/2020,17,4,2,2,1,2020
1570,18/04/2020,18,4,2,2,1,2020
1571,19/04/2020,19,4,2,2,1,2020
1572,20/04/2020,20,4,2,2,1,2020
1573,21/04/2020,21,4,2,2,1,2020
1574,22/04/2020,22,4,2,2,1,2020
1575,23/04/2020,23,4,2,2,1,2020
1576,24/04/2020,24,4,2,2,1,2020
1577,25/04/2020,25,4,2,2,1,2020
1578,26/04/2020,26,4,2,2,1,2020
1579,27/04/2020,27,4,2,2,1,2020
1580,28/04/2020,28,4,2,2,1,2020
1581,29/04/2020,29,4,2,2,1,2020
1582,30/04/2020,30,4,2,2,1,2020
1583,1/5/2020,1,5,3,2,1,2020
1584,2/5/2020,2,5,3,2,1,2020
1585,3/5/2020,3,5,3,2,1,2020
1586,4/5/2020,4,5,3,2,1,2020
1587,5/5/2020,5,5,3,2,1,2020
1588,6/5/2020,6,5,3,2,1,2020
1589,7/5/2020,7,5,3,2,1,2020
1590,8/5/2020,8,5,3,2,1,2020
1591,9/5/2020,9,5,3,2,1,2020
1592,10/5/2020,10,5,3,2,1,2020
1593,11/5/2020,11,5,3,2,1,2020
1594,12/5/2020,12,5,3,2,1,2020
1595,13/05/2020,13,5,3,2,1,2020
1596,14/05/2020,14,5,3,2,1,2020
1597,15/05/2020,15,5,3,2,1,2020
1598,16/05/2020,16,5,3,2,1,2020
1599,17/05/2020,17,5,3,2,1,2020
1600,18/05/2020,18,5,3,2,1,2020
1601,19/05/2020,19,5,3,2,1,2020
1602,20/05/2020,20,5,3,2,1,2020
1603,21/05/2020,21,5,3,2,1,2020
1604,22/05/2020,22,5,3,2,1,2020
1605,23/05/2020,23,5,3,2,1,2020
1606,24/05/2020,24,5,3,2,1,2020
1607,25/05/2020,25,5,3,2,1,2020
1608,26/05/2020,26,5,3,2,1,2020
1609,27/05/2020,27,5,3,2,1,2020
1610,28/05/2020,28,5,3,2,1,2020
1611,29/05/2020,29,5,3,2,1,2020
1612,30/05/2020,30,5,3,2,1,2020
1613,31/05/2020,31,5,3,2,1,2020
1614,1/6/2020,1,6,3,2,1,2020
1615,2/6/2020,2,6,3,2,1,2020
1616,3/6/2020,3,6,3,2,1,2020
1617,4/6/2020,4,6,3,2,1,2020
1618,5/6/2020,5,6,3,2,1,2020
1619,6/6/2020,6,6,3,2,1,2020
1620,7/6/2020,7,6,3,2,1,2020
1621,8/6/2020,8,6,3,2,1,2020
1622,9/6/2020,9,6,3,2,1,2020
1623,10/6/2020,10,6,3,2,1,2020
1624,11/6/2020,11,6,3,2,1,2020
1625,12/6/2020,12,6,3,2,1,2020
1626,13/06/2020,13,6,3,2,1,2020
1627,14/06/2020,14,6,3,2,1,2020
1628,15/06/2020,15,6,3,2,1,2020
1629,16/06/2020,16,6,3,2,1,2020
1630,17/06/2020,17,6,3,2,1,2020
1631,18/06/2020,18,6,3,2,1,2020
1632,19/06/2020,19,6,3,2,1,2020
1633,20/06/2020,20,6,3,2,1,2020
1634,21/06/2020,21,6,3,2,1,2020
1635,22/06/2020,22,6,3,2,1,2020
1636,23/06/2020,23,6,3,2,1,2020
1637,24/06/2020,24,6,3,2,1,2020
1638,25/06/2020,25,6,3,2,1,2020
1639,26/06/2020,26,6,3,2,1,2020
1640,27/06/2020,27,6,3,2,1,2020
1641,28/06/2020,28,6,3,2,1,2020
1642,29/06/2020,29,6,3,2,1,2020
1643,30/06/2020,30,6,3,2,1,2020
1644,1/7/2020,1,7,4,3,2,2020
1645,2/7/2020,2,7,4,3,2,2020
1646,3/7/2020,3,7,4,3,2,2020
1647,4/7/2020,4,7,4,3,2,2020
1648,5/7/2020,5,7,4,3,2,2020
1649,6/7/2020,6,7,4,3,2,2020
1650,7/7/2020,7,7,4,3,2,2020
1651,8/7/2020,8,7,4,3,2,2020
1652,9/7/2020,9,7,4,3,2,2020
1653,10/7/2020,10,7,4,3,2,2020
1654,11/7/2020,11,7,4,3,2,2020
1655,12/7/2020,12,7,4,3,2,2020
1656,13/07/2020,13,7,4,3,2,2020
1657,14/07/2020,14,7,4,3,2,2020
1658,15/07/2020,15,7,4,3,2,2020
1659,16/07/2020,16,7,4,3,2,2020
1660,17/07/2020,17,7,4,3,2,2020
1661,18/07/2020,18,7,4,3,2,2020
1662,19/07/2020,19,7,4,3,2,2020
1663,20/07/2020,20,7,4,3,2,2020
1664,21/07/2020,21,7,4,3,2,2020
1665,22/07/2020,22,7,4,3,2,2020
1666,23/07/2020,23,7,4,3,2,2020
1667,24/07/2020,24,7,4,3,2,2020
1668,25/07/2020,25,7,4,3,2,2020
1669,26/07/2020,26,7,4,3,2,2020
1670,27/07/2020,27,7,4,3,2,2020
1671,28/07/2020,28,7,4,3,2,2020
1672,29/07/2020,29,7,4,3,2,2020
1673,30/07/2020,30,7,4,3,2,2020
1674,31/07/2020,31,7,4,3,2,2020
1675,1/8/2020,1,8,4,3,2,2020
1676,2/8/2020,2,8,4,3,2,2020
1677,3/8/2020,3,8,4,3,2,2020
1678,4/8/2020,4,8,4,3,2,2020
1679,5/8/2020,5,8,4,3,2,2020
1680,6/8/2020,6,8,4,3,2,2020
1681,7/8/2020,7,8,4,3,2,2020
1682,8/8/2020,8,8,4,3,2,2020
1683,9/8/2020,9,8,4,3,2,2020
1684,10/8/2020,10,8,4,3,2,2020
1685,11/8/2020,11,8,4,3,2,2020
1686,12/8/2020,12,8,4,3,2,2020
1687,13/08/2020,13,8,4,3,2,2020
1688,14/08/2020,14,8,4,3,2,2020
1689,15/08/2020,15,8,4,3,2,2020
1690,16/08/2020,16,8,4,3,2,2020
1691,17/08/2020,17,8,4,3,2,2020
1692,18/08/2020,18,8,4,3,2,2020
1693,19/08/2020,19,8,4,3,2,2020
1694,20/08/2020,20,8,4,3,2,2020
1695,21/08/2020,21,8,4,3,2,2020
1696,22/08/2020,22,8,4,3,2,2020
1697,23/08/2020,23,8,4,3,2,2020
1698,24/08/2020,24,8,4,3,2,2020
1699,25/08/2020,25,8,4,3,2,2020
1700,26/08/2020,26,8,4,3,2,2020
1701,27/08/2020,27,8,4,3,2,2020
1702,28/08/2020,28,8,4,3,2,2020
1703,29/08/2020,29,8,4,3,2,2020
1704,30/08/2020,30,8,4,3,2,2020
1705,31/08/2020,31,8,4,3,2,2020
1706,1/9/2020,1,9,5,3,2,2020
1707,2/9/2020,2,9,5,3,2,2020
1708,3/9/2020,3,9,5,3,2,2020
1709,4/9/2020,4,9,5,3,2,2020
1710,5/9/2020,5,9,5,3,2,2020
1711,6/9/2020,6,9,5,3,2,2020
1712,7/9/2020,7,9,5,3,2,2020
1713,8/9/2020,8,9,5,3,2,2020
1714,9/9/2020,9,9,5,3,2,2020
1715,10/9/2020,10,9,5,3,2,2020
1716,11/9/2020,11,9,5,3,2,2020
1717,12/9/2020,12,9,5,3,2,2020
1718,13/09/2020,13,9,5,3,2,2020
1719,14/09/2020,14,9,5,3,2,2020
1720,15/09/2020,15,9,5,3,2,2020
1721,16/09/2020,16,9,5,3,2,2020
1722,17/09/2020,17,9,5,3,2,2020
1723,18/09/2020,18,9,5,3,2,2020
1724,19/09/2020,19,9,5,3,2,2020
1725,20/09/2020,20,9,5,3,2,2020
1726,21/09/2020,21,9,5,3,2,2020
1727,22/09/2020,22,9,5,3,2,2020
1728,23/09/2020,23,9,5,3,2,2020
1729,24/09/2020,24,9,5,3,2,2020
1730,25/09/2020,25,9,5,3,2,2020
1731,26/09/2020,26,9,5,3,2,2020
1732,27/09/2020,27,9,5,3,2,2020
1733,28/09/2020,28,9,5,3,2,2020
1734,29/09/2020,29,9,5,3,2,2020
1735,30/09/2020,30,9,5,3,2,2020
1736,1/10/2020,1,10,5,4,2,2020
1737,2/10/2020,2,10,5,4,2,2020
1738,3/10/2020,3,10,5,4,2,2020
1739,4/10/2020,4,10,5,4,2,2020
1740,5/10/2020,5,10,5,4,2,2020
1741,6/10/2020,6,10,5,4,2,2020
1742,7/10/2020,7,10,5,4,2,2020
1743,8/10/2020,8,10,5,4,2,2020
1744,9/10/2020,9,10,5,4,2,2020
1745,10/10/2020,10,10,5,4,2,2020
1746,11/10/2020,11,10,5,4,2,2020
1747,12/10/2020,12,10,5,4,2,2020
1748,13/10/2020,13,10,5,4,2,2020
1749,14/10/2020,14,10,5,4,2,2020
1750,15/10/2020,15,10,5,4,2,2020
1751,16/10/2020,16,10,5,4,2,2020
1752,17/10/2020,17,10,5,4,2,2020
1753,18/10/2020,18,10,5,4,2,2020
1754,19/10/2020,19,10,5,4,2,2020
1755,20/10/2020,20,10,5,4,2,2020
1756,21/10/2020,21,10,5,4,2,2020
1757,22/10/2020,22,10,5,4,2,2020
1758,23/10/2020,23,10,5,4,2,2020
1759,24/10/2020,24,10,5,4,2,2020
1760,25/10/2020,25,10,5,4,2,2020
1761,26/10/2020,26,10,5,4,2,2020
1762,27/10/2020,27,10,5,4,2,2020
1763,28/10/2020,28,10,5,4,2,2020
1764,29/10/2020,29,10,5,4,2,2020
1765,30/10/2020,30,10,5,4,2,2020
1766,31/10/2020,31,10,5,4,2,2020
1767,1/11/2020,1,11,6,4,2,2020
1768,2/11/2020,2,11,6,4,2,2020
1769,3/11/2020,3,11,6,4,2,2020
1770,4/11/2020,4,11,6,4,2,2020
1771,5/11/2020,5,11,6,4,2,2020
1772,6/11/2020,6,11,6,4,2,2020
1773,7/11/2020,7,11,6,4,2,2020
1774,8/11/2020,8,11,6,4,2,2020
1775,9/11/2020,9,11,6,4,2,2020
1776,10/11/2020,10,11,6,4,2,2020
1777,11/11/2020,11,11,6,4,2,2020
1778,12/11/2020,12,11,6,4,2,2020
1779,13/11/2020,13,11,6,4,2,2020
1780,14/11/2020,14,11,6,4,2,2020
1781,15/11/2020,15,11,6,4,2,2020
1782,16/11/2020,16,11,6,4,2,2020
1783,17/11/2020,17,11,6,4,2,2020
1784,18/11/2020,18,11,6,4,2,2020
1785,19/11/2020,19,11,6,4,2,2020
1786,20/11/2020,20,11,6,4,2,2020
1787,21/11/2020,21,11,6,4,2,2020
1788,22/11/2020,22,11,6,4,2,2020
1789,23/11/2020,23,11,6,4,2,2020
1790,24/11/2020,24,11,6,4,2,2020
1791,25/11/2020,25,11,6,4,2,2020
1792,26/11/2020,26,11,6,4,2,2020
1793,27/11/2020,27,11,6,4,2,2020
1794,28/11/2020,28,11,6,4,2,2020
1795,29/11/2020,29,11,6,4,2,2020
1796,30/11/2020,30,11,6,4,2,2020
1797,1/12/2020,1,12,6,4,2,2020
1798,2/12/2020,2,12,6,4,2,2020
1799,3/12/2020,3,12,6,4,2,2020
1800,4/12/2020,4,12,6,4,2,2020
1801,5/12/2020,5,12,6,4,2,2020
1802,6/12/2020,6,12,6,4,2,2020
1803,7/12/2020,7,12,6,4,2,2020
1804,8/12/2020,8,12,6,4,2,2020
1805,9/12/2020,9,12,6,4,2,2020
1806,10/12/2020,10,12,6,4,2,2020
1807,11/12/2020,11,12,6,4,2,2020
1808,12/12/2020,12,12,6,4,2,2020
1809,13/12/2020,13,12,6,4,2,2020
1810,14/12/2020,14,12,6,4,2,2020
1811,15/12/2020,15,12,6,4,2,2020
1812,16/12/2020,16,12,6,4,2,2020
1813,17/12/2020,17,12,6,4,2,2020
1814,18/12/2020,18,12,6,4,2,2020
1815,19/12/2020,19,12,6,4,2,2020
1816,20/12/2020,20,12,6,4,2,2020
1817,21/12/2020,21,12,6,4,2,2020
1818,22/12/2020,22,12,6,4,2,2020
1819,23/12/2020,23,12,6,4,2,2020
1820,24/12/2020,24,12,6,4,2,2020
1821,25/12/2020,25,12,6,4,2,2020
1822,26/12/2020,26,12,6,4,2,2020
1823,27/12/2020,27,12,6,4,2,2020
1824,28/12/2020,28,12,6,4,2,2020
1825,29/12/2020,29,12,6,4,2,2020
1826,30/12/2020,30,12,6,4,2,2020
1827,31/12/2020,31,12,6,4,2,2020
