equipePK,clientePK,dataPK,receita,quantidadeNegociacoes
2,9,22,11564.75,1
2,24,11,17990.5,1
2,28,21,16335.9,1
1,30,23,8495.55,1
2,43,30,24748.75,1
2,46,21,18591.8,1
1,51,25,21783.05,1
1,77,4,11182.95,1
1,83,13,8412.1,1
2,106,17,7694.700000000001,1
1,114,6,11324.75,1
2,125,15,9619.1,1
1,167,18,8182.95,1
2,172,18,34065.3,1
2,173,17,10979.55,1
1,176,5,11498.95,1
1,177,18,9526.25,1
2,179,14,11652.0,1
1,180,10,22634.6,1
1,188,7,18438.55,1
2,190,29,17515.8,1
2,195,3,5355.900000000001,1
2,198,25,25791.7,1
2,18,34,14567.4,1
2,24,54,19324.8,1
2,28,47,24978.699999999997,1
2,30,57,9416.65,1
2,33,33,12024.75,1
2,37,53,16417.9,1
2,43,41,38403.25,1
1,51,54,5878.400000000001,1
2,57,35,13300.45,1
2,77,38,13462.7,1
2,79,34,6685.299999999999,1
1,86,35,8365.95,1
1,93,46,23430.5,1
1,98,37,14084.7,1
1,114,33,6033.65,1
1,125,33,23946.85,1
2,129,59,5794.25,1
2,139,47,22969.2,1
2,167,59,43561.65,1
1,173,33,65737.0,1
1,176,33,6548.35,1
1,181,42,7874.55,1
2,188,34,29136.399999999998,1
2,190,59,36908.95,1
2,191,40,37976.85,1
1,198,57,10279.65,1
1,206,51,8193.0,1
1,208,57,16933.95,1
1,8,71,18622.9,1
2,30,62,7887.95,1
2,33,72,9129.1,1
1,37,61,7555.950000000001,1
2,43,65,7208.450000000001,1
2,46,63,25393.05,1
2,59,61,11630.150000000001,1
1,65,84,38593.45,1
2,77,83,17062.35,1
1,79,66,6711.35,1
2,83,70,7222.150000000001,1
2,86,83,5329.75,1
2,106,85,10035.9,1
1,113,67,28045.9,1
1,139,69,8047.5,1
2,167,78,12910.85,1
1,172,66,7148.6,1
2,173,74,11065.0,1
2,176,71,5737.75,1
2,177,90,6660.8,1
2,179,75,9318.35,1
2,180,68,10715.599999999999,1
2,181,80,5299.15,1
1,188,77,14359.7,1
2,191,67,27381.75,1
1,206,85,5261.1,1
1,208,66,5701.599999999999,1
1,9,104,5277.5,1
1,28,99,7871.950000000001,1
1,33,116,14428.95,1
2,37,114,11623.35,1
1,51,117,17830.4,1
2,57,99,5167.45,1
2,59,96,21962.600000000002,1
1,101,106,11302.6,1
1,106,120,10962.550000000001,1
1,114,97,6171.5,1
1,118,114,12703.65,1
1,129,95,5293.85,1
1,172,117,10080.95,1
1,179,110,16690.7,1
2,181,109,13688.75,1
1,190,99,11343.800000000001,1
2,191,99,10620.150000000001,1
1,198,113,5293.049999999999,1
1,8,127,71048.25,1
2,18,152,5818.5,1
2,24,147,5474.099999999999,1
1,28,150,10685.550000000001,1
1,30,125,5067.05,1
2,33,134,5678.099999999999,1
1,37,130,15014.15,1
2,46,140,5813.0,1
2,65,122,5241.05,1
1,77,143,11924.949999999999,1
1,79,151,109023.0,1
1,83,132,42035.25,1
1,86,134,37538.55,1
2,100,143,5175.15,1
2,113,132,21147.5,1
1,118,148,6180.900000000001,1
2,125,122,25918.25,1
1,129,137,5378.7,1
1,167,135,12805.2,1
2,172,139,6400.650000000001,1
1,176,139,12960.650000000001,1
2,177,137,18017.95,1
1,179,131,28072.399999999998,1
2,186,150,36059.75,1
1,188,135,24295.149999999998,1
2,191,123,6233.25,1
1,195,135,39378.049999999996,1
1,208,148,5267.65,1
1,8,182,6889.299999999999,1
2,9,162,6453.5,1
1,18,164,5009.2,1
2,24,154,12302.449999999999,1
1,30,165,7584.95,1
2,77,175,27009.699999999997,1
2,101,182,11029.05,1
1,179,170,17296.0,1
1,180,157,87516.5,1
2,186,157,8489.0,1
2,191,171,5586.7,1
1,195,154,20975.45,1
2,208,167,11151.35,1
1,24,187,13650.2,1
1,30,199,5699.5,1
1,33,208,52637.35,1
1,37,194,15846.55,1
2,43,197,16353.75,1
2,59,210,17786.85,1
2,77,190,12286.15,1
1,83,193,13260.25,1
1,86,187,29507.9,1
2,93,209,115773.2,1
1,100,183,5297.799999999999,1
1,118,185,11181.800000000001,1
2,125,188,90314.7,1
1,172,193,9606.25,1
1,177,188,7508.7,1
1,179,201,23369.35,1
2,181,190,21180.2,1
2,186,187,18483.75,1
2,188,195,15811.199999999999,1
2,191,201,23141.75,1
1,206,186,16666.7,1
2,208,197,16449.05,1
2,8,219,14972.1,1
1,28,223,6060.599999999999,1
1,37,232,5811.0,1
1,43,222,24446.199999999997,1
2,46,214,9539.3,1
1,51,226,9195.95,1
1,59,232,41399.5,1
2,65,233,6460.85,1
1,79,229,12339.75,1
2,83,238,20155.0,1
2,86,223,5501.7,1
1,98,240,24844.699999999997,1
1,100,237,6101.25,1
1,101,225,16196.15,1
1,106,243,7848.3,1
2,113,242,6534.400000000001,1
1,125,243,8645.800000000001,1
1,129,214,21324.55,1
1,167,220,26289.15,1
1,176,240,5414.700000000001,1
2,179,228,10676.400000000001,1
1,180,239,13705.599999999999,1
2,191,229,5292.55,1
1,206,227,10668.050000000001,1
2,9,270,18573.800000000003,1
1,24,267,11770.699999999999,1
2,28,253,19535.8,1
1,46,270,22625.35,1
1,57,267,15527.3,1
2,59,271,28930.5,1
1,65,257,43610.35,1
1,79,274,7787.5,1
2,83,253,13790.0,1
2,86,262,6752.1,1
1,93,254,8369.400000000001,1
2,100,273,9905.7,1
2,106,265,19184.4,1
1,113,259,8520.449999999999,1
1,125,248,27866.45,1
2,129,255,7914.700000000001,1
2,139,251,18811.85,1
2,173,253,5359.450000000001,1
1,176,245,16646.35,1
1,177,248,13437.9,1
1,179,272,17315.8,1
2,181,269,31842.449999999997,1
2,190,271,6639.299999999999,1
2,195,247,35703.7,1
2,198,251,6309.349999999999,1
2,208,261,9340.2,1
2,30,304,11271.65,1
2,65,298,10259.75,1
2,77,280,16519.3,1
2,83,281,17869.55,1
1,93,297,7867.849999999999,1
1,98,304,132746.5,1
2,100,284,8084.2,1
1,101,294,17291.45,1
1,106,282,17297.0,1
2,113,293,7067.849999999999,1
1,114,296,5116.25,1
2,118,278,9637.949999999999,1
2,125,301,7189.5,1
1,139,294,20929.35,1
1,167,291,22946.85,1
2,172,283,5217.25,1
1,173,299,19829.35,1
1,177,281,12925.4,1
2,186,290,8143.75,1
1,188,305,14168.4,1
1,190,280,5794.15,1
1,191,298,13603.0,1
1,208,293,25629.6,1
1,8,317,20617.5,1
1,9,332,16812.3,1
1,33,307,15006.300000000001,1
2,37,333,35308.25,1
2,46,324,5828.3,1
2,51,327,9837.9,1
1,57,313,6412.7,1
2,59,311,12699.849999999999,1
1,86,325,9365.75,1
1,93,331,14791.800000000001,1
1,100,335,7079.0,1
2,106,309,12637.1,1
2,113,325,12982.9,1
1,139,313,6521.05,1
2,173,334,17103.1,1
2,186,324,6717.150000000001,1
1,190,314,36283.5,1
1,191,308,5340.05,1
2,195,328,17838.800000000003,1
2,9,341,12337.349999999999,1
2,24,336,13821.300000000001,1
2,28,349,160344.65,1
1,33,363,7701.35,1
2,46,352,9201.35,1
2,86,347,5695.2,1
1,98,362,7352.6,1
1,101,362,6295.2,1
1,113,357,16883.65,1
1,118,350,13382.6,1
1,125,338,10550.9,1
2,167,363,12278.25,1
1,172,355,11903.35,1
1,173,357,6986.900000000001,1
1,176,338,18087.95,1
1,179,359,10813.699999999999,1
2,181,347,41137.0,1
2,188,352,13823.150000000001,1
1,190,339,14942.3,1
1,208,366,5894.700000000001,1
5,1,385,3538.95,1
4,4,386,27158.5,1
2,8,385,9150.55,1
5,15,385,31694.2,1
2,18,394,7512.3,1
4,18,385,95225.8,1
2,24,374,6777.65,1
1,30,395,5536.3,1
1,33,377,10750.599999999999,1
4,36,371,15609.9,1
5,39,371,8278.55,1
5,53,394,2024.4499999999998,1
1,57,375,33820.100000000006,1
2,59,368,44174.899999999994,1
1,65,367,5811.3,1
1,77,382,15395.599999999999,1
1,79,378,6794.55,1
3,79,396,5763.5,1
1,93,385,10463.35,1
5,93,370,9496.05,1
3,110,392,3586.5499999999997,1
5,126,391,11914.75,1
5,127,377,2382.1,1
5,130,374,1407.0500000000002,1
4,135,367,5392.25,1
1,139,369,11250.150000000001,1
4,142,385,1712.6499999999999,1
1,172,381,8805.449999999999,1
2,173,368,7898.65,1
1,176,378,7621.45,1
1,181,373,7313.35,1
3,185,395,1250.1000000000001,1
5,202,389,7254.400000000001,1
1,206,384,11684.7,1
5,1,410,2583.5,1
5,4,406,14973.0,1
4,6,402,1182.1,1
1,9,400,27767.550000000003,1
1,24,413,8478.25,1
3,27,402,29743.1,1
5,36,418,4696.6,1
2,37,402,20907.25,1
2,43,424,22002.550000000003,1
2,46,423,79447.05,1
5,53,423,619.75,1
2,57,420,20390.899999999998,1
5,67,422,3782.75,1
1,77,414,76349.45,1
1,79,408,6221.15,1
4,79,409,662.65,1
2,83,403,31573.95,1
2,86,411,9108.05,1
5,86,418,9597.9,1
4,91,411,3053.05,1
1,98,404,17551.0,1
1,100,419,25226.399999999998,1
2,106,413,6717.65,1
3,110,403,1145.45,1
1,113,414,12647.3,1
1,125,402,8547.6,1
3,125,406,33932.8,1
3,126,407,3026.2,1
4,127,404,6749.75,1
2,129,417,5177.5,1
3,130,402,8991.65,1
5,150,419,5845.25,1
3,161,421,2116.65,1
1,167,406,7834.0,1
1,173,413,5321.0,1
2,177,415,15648.25,1
1,179,402,7396.1,1
5,202,405,6983.35,1
3,204,409,5390.900000000001,1
2,206,420,13294.5,1
1,208,402,25038.15,1
5,209,419,4104.1,1
5,6,433,7050.700000000001,1
2,8,446,42841.049999999996,1
1,18,443,7925.45,1
5,18,426,14096.35,1
1,33,450,14627.0,1
4,36,427,567.5500000000001,1
2,37,433,5032.7,1
5,39,447,10971.55,1
3,44,443,14780.150000000001,1
3,53,456,9363.7,1
2,59,429,88296.35,1
3,62,446,2096.8,1
2,65,426,11878.25,1
5,66,438,5170.15,1
4,73,453,3546.85,1
1,77,440,11604.349999999999,1
1,86,440,5547.150000000001,1
5,86,438,3256.85,1
5,91,433,2073.35,1
4,94,439,2469.35,1
1,106,445,8786.95,1
4,109,440,4690.5,1
1,113,433,10116.45,1
1,125,448,25860.949999999997,1
5,125,428,2471.0,1
3,126,428,1027.55,1
1,129,445,28452.800000000003,1
5,130,435,5748.099999999999,1
4,150,454,5712.6,1
3,164,431,4040.5,1
1,173,453,5605.45,1
2,177,455,6739.55,1
1,179,427,9564.7,1
2,195,434,26345.8,1
2,208,449,11114.0,1
2,24,479,12441.900000000001,1
4,27,465,709.5,1
2,33,473,10916.900000000001,1
3,36,480,8307.35,1
2,37,482,7797.25,1
4,38,460,4568.3,1
4,39,459,1045.65,1
2,43,457,8902.55,1
3,44,463,501.9,1
2,46,469,7679.25,1
4,53,486,6989.349999999999,1
2,57,461,9863.45,1
2,59,481,22155.9,1
2,77,464,10238.35,1
2,79,477,18325.350000000002,1
4,79,481,30200.6,1
1,83,462,29727.399999999998,1
1,86,479,7535.4,1
3,86,458,882.55,1
4,91,478,13833.800000000001,1
2,93,470,14372.7,1
3,93,478,6004.5,1
5,109,461,15696.5,1
4,110,480,3144.2000000000003,1
2,113,470,10751.45,1
1,125,480,20254.05,1
5,125,477,7959.9,1
4,126,466,748.65,1
4,127,479,1335.35,1
3,130,478,6058.55,1
1,139,473,31882.350000000002,1
4,141,471,2819.6,1
4,142,470,5053.349999999999,1
5,152,475,1817.15,1
5,161,468,3971.45,1
2,167,486,6505.8,1
1,172,474,9777.35,1
2,180,459,9298.5,1
5,183,477,840.65,1
5,185,460,54467.05,1
2,186,472,44834.95,1
4,186,471,922.5,1
2,195,471,5475.549999999999,1
2,198,481,25770.4,1
5,204,467,1694.05,1
2,206,482,5483.7,1
5,209,484,2998.55,1
1,8,511,16701.7,1
2,9,493,12338.95,1
3,15,517,1185.5500000000002,1
1,24,511,59397.05,1
4,27,496,3041.9,1
1,28,493,8021.1,1
2,33,493,7332.799999999999,1
4,36,493,1698.7,1
1,37,507,8509.0,1
3,44,512,2192.05,1
2,51,503,7431.950000000001,1
5,51,490,4401.5,1
4,53,491,4268.25,1
1,57,500,6273.6,1
2,59,495,5886.25,1
4,66,492,4685.8,1
1,83,492,39212.8,1
1,86,516,25386.9,1
5,86,517,1693.5,1
2,93,513,28325.55,1
5,93,502,2764.75,1
1,98,507,43557.75,1
1,100,513,25812.5,1
3,109,490,1901.55,1
1,113,501,8656.15,1
2,118,515,5966.45,1
3,126,509,24286.8,1
3,130,517,3509.3,1
2,139,512,8781.849999999999,1
5,141,491,7989.6,1
4,164,489,16677.75,1
2,167,501,12307.15,1
1,176,517,9345.35,1
1,177,500,6493.3,1
2,179,495,6552.3,1
3,183,497,8018.35,1
5,185,515,521.25,1
1,186,516,15137.25,1
5,186,513,12546.05,1
2,188,493,6262.7,1
3,188,492,573.05,1
1,190,498,9548.75,1
1,191,497,11853.099999999999,1
1,195,494,30874.4,1
3,209,511,4735.55,1
5,210,496,3592.2000000000003,1
5,6,518,2196.25,1
4,15,544,45262.5,1
1,18,546,24738.649999999998,1
5,18,536,1891.3,1
2,24,530,49310.15,1
3,27,524,48614.2,1
4,38,536,535.1,1
2,43,519,7975.2,1
5,44,530,631.4,1
1,51,535,21378.5,1
3,51,518,5709.9,1
1,57,533,9391.2,1
2,59,539,25233.699999999997,1
5,62,536,3012.7,1
2,65,519,13686.400000000001,1
1,77,540,16749.25,1
1,79,523,9562.1,1
5,79,544,2283.4,1
1,83,530,27650.45,1
2,86,543,20143.9,1
4,86,543,13908.699999999999,1
3,88,520,3226.1000000000004,1
5,91,542,951.1,1
1,93,530,95294.25,1
5,93,527,2446.55,1
2,100,530,11448.5,1
1,101,530,13209.449999999999,1
4,109,521,101872.4,1
1,113,524,6157.799999999999,1
2,118,526,15435.9,1
1,125,532,22450.65,1
3,125,543,2326.2,1
4,126,535,6530.05,1
4,127,532,15447.25,1
3,135,530,599.3,1
1,139,519,6961.950000000001,1
5,142,533,4487.3,1
5,150,533,3567.45,1
5,164,527,8988.95,1
2,167,546,7320.950000000001,1
2,172,528,31811.05,1
2,173,528,9311.95,1
2,176,527,7670.75,1
1,179,532,13161.199999999999,1
2,181,528,10345.050000000001,1
2,186,546,12118.800000000001,1
5,186,538,1203.9,1
1,188,533,22681.7,1
4,188,529,2381.0,1
1,190,527,17596.4,1
1,198,544,5188.95,1
1,208,545,17844.85,1
4,6,570,6383.5,1
1,8,577,7853.049999999999,1
3,22,568,13891.35,1
3,23,552,15146.35,1
2,24,575,5155.549999999999,1
2,28,566,26116.550000000003,1
4,36,564,94327.5,1
5,38,550,1300.75,1
5,44,563,4338.55,1
2,65,568,42118.850000000006,1
3,67,576,856.3,1
5,73,554,4675.05,1
1,77,573,10500.050000000001,1
2,83,556,18948.45,1
2,86,577,28697.25,1
3,86,564,3639.2000000000003,1
3,91,572,73238.5,1
1,93,575,11027.3,1
5,93,565,10052.25,1
2,98,576,9762.8,1
1,100,573,30049.850000000002,1
1,101,563,19172.8,1
4,110,559,1257.3,1
2,114,550,9056.75,1
5,116,550,2791.25,1
2,125,571,8521.25,1
5,125,554,1844.5500000000002,1
4,127,549,771.35,1
5,130,568,8817.2,1
4,135,570,32171.100000000002,1
1,139,574,16352.2,1
3,141,561,1466.0,1
4,142,560,4164.9,1
4,150,550,659.85,1
4,161,551,610.1,1
3,164,558,937.6,1
2,176,562,5913.400000000001,1
2,177,548,7742.05,1
2,180,570,6059.0,1
4,183,570,1429.4,1
3,185,555,1395.1499999999999,1
1,186,563,8681.4,1
5,186,552,835.15,1
1,188,573,35912.399999999994,1
5,188,550,1019.8000000000001,1
2,195,561,16145.3,1
1,198,575,17023.5,1
5,4,581,2222.5,1
4,6,597,8210.75,1
1,8,606,14558.699999999999,1
1,9,595,21050.65,1
1,18,595,5193.8,1
5,18,593,3810.4500000000003,1
5,23,586,6444.8,1
2,24,596,13727.550000000001,1
2,28,584,17889.949999999997,1
1,30,585,51291.549999999996,1
5,36,598,5382.4,1
2,37,589,6191.3,1
3,39,579,7219.700000000001,1
1,51,600,7758.3,1
3,51,592,1027.0,1
2,59,589,7823.65,1
3,62,606,5646.0,1
2,65,598,20775.9,1
4,66,581,4171.1,1
3,67,585,3568.8999999999996,1
3,73,607,925.5,1
2,77,600,46951.8,1
3,88,579,14459.949999999999,1
5,91,589,16243.75,1
2,93,590,28525.7,1
4,93,608,5401.849999999999,1
4,94,579,2860.7,1
2,98,606,19578.800000000003,1
1,101,587,19235.45,1
1,106,593,29913.449999999997,1
1,114,586,8760.95,1
2,118,587,5248.85,1
2,129,591,13653.050000000001,1
3,130,597,11627.6,1
5,141,607,7367.849999999999,1
3,152,585,13515.8,1
5,161,587,9294.8,1
2,167,608,33761.799999999996,1
1,172,597,8531.25,1
2,173,605,13663.900000000001,1
1,177,598,25926.25,1
1,180,609,34778.95,1
5,185,604,2965.1,1
2,191,582,12564.55,1
2,195,591,6771.65,1
4,204,581,7985.45,1
2,206,606,6007.200000000001,1
5,209,596,17696.55,1
4,210,592,928.8,1
2,8,627,28064.75,1
2,9,615,16217.4,1
4,15,614,2528.15,1
2,18,638,5186.15,1
4,18,626,7939.55,1
4,22,635,6980.05,1
3,23,635,19100.7,1
2,33,626,22545.5,1
3,38,630,14084.300000000001,1
5,39,623,2510.1499999999996,1
2,43,617,9477.0,1
4,44,627,7256.900000000001,1
1,46,624,30535.300000000003,1
2,51,618,9214.0,1
4,51,625,7289.0,1
5,53,620,8242.8,1
2,57,611,6598.95,1
3,62,612,752.4,1
2,65,628,5898.5,1
3,66,615,5161.549999999999,1
3,73,620,648.6,1
2,77,635,7225.85,1
1,79,612,10530.5,1
3,79,612,8211.55,1
3,88,633,6955.15,1
5,91,639,6065.5,1
2,93,639,7336.599999999999,1
3,93,620,14621.400000000001,1
1,98,631,7939.0,1
1,100,631,7757.3,1
1,114,639,17487.449999999997,1
2,118,619,20689.850000000002,1
2,129,619,25901.0,1
5,130,625,1239.75,1
5,135,634,2684.9,1
5,142,619,663.1,1
4,150,629,6115.1,1
3,152,615,4214.9,1
4,161,614,1029.2,1
2,172,631,12698.3,1
1,173,610,13463.4,1
2,177,637,5307.75,1
2,180,628,5489.450000000001,1
2,181,613,9376.25,1
3,185,627,957.5,1
2,188,629,7712.5,1
5,188,623,515.0,1
2,190,615,19740.6,1
1,191,615,16587.1,1
4,204,631,32798.1,1
1,208,611,6164.9,1
2,8,644,31069.15,1
3,15,641,12480.35,1
5,27,646,3089.6499999999996,1
2,30,650,6328.7,1
1,43,646,6398.75,1
5,44,668,37700.65,1
2,46,656,12140.550000000001,1
1,51,648,8675.9,1
4,51,654,6843.8,1
1,59,664,7099.55,1
5,66,651,2420.1,1
4,67,669,3129.6499999999996,1
2,77,646,6767.95,1
2,86,656,7747.45,1
4,86,645,11726.900000000001,1
1,100,658,72041.45000000001,1
2,101,670,21767.5,1
1,114,643,25501.25,1
4,116,642,5457.75,1
2,118,646,5952.5,1
1,125,640,25916.25,1
3,125,660,1554.1499999999999,1
5,126,645,5506.950000000001,1
4,127,656,5658.049999999999,1
1,129,668,17602.149999999998,1
3,130,653,884.5999999999999,1
5,141,653,13718.55,1
5,142,643,8743.05,1
4,150,642,7238.7,1
2,167,663,42259.85,1
1,173,670,13270.3,1
1,177,668,48124.45,1
1,180,654,16968.3,1
1,186,648,5844.049999999999,1
3,186,662,11027.0,1
1,188,659,11664.849999999999,1
5,188,654,19739.2,1
2,198,642,5067.3,1
5,202,646,8257.55,1
4,204,643,3438.35,1
2,206,665,12534.8,1
3,210,663,3838.6000000000004,1
3,1,681,10173.85,1
5,4,674,6776.15,1
3,6,685,6908.25,1
1,18,689,11941.6,1
3,18,679,7130.05,1
5,22,680,41088.149999999994,1
2,30,676,10852.550000000001,1
5,36,674,531.3000000000001,1
4,38,698,12686.55,1
3,39,691,2539.55,1
2,43,691,6139.299999999999,1
3,44,671,1881.6,1
2,46,697,6412.45,1
2,51,683,220439.90000000002,1
5,51,691,13850.4,1
4,53,677,6655.650000000001,1
2,57,680,8440.9,1
3,62,695,953.5,1
2,65,687,46564.0,1
2,77,685,6600.950000000001,1
2,79,686,20049.55,1
4,79,678,6437.1,1
2,86,686,11226.65,1
3,86,682,44116.7,1
4,88,680,5967.4,1
4,91,691,1980.6,1
4,94,686,8190.5,1
2,100,690,23101.25,1
3,109,698,9863.6,1
2,113,691,31875.9,1
2,114,689,9179.349999999999,1
5,116,699,1745.6999999999998,1
3,142,680,19315.0,1
4,150,691,2289.95,1
1,177,698,20505.4,1
4,183,681,738.6,1
1,186,672,15436.55,1
3,186,673,8914.199999999999,1
1,188,698,10304.2,1
5,188,673,4956.7,1
2,191,681,5781.35,1
4,204,689,2348.5,1
2,208,692,36251.2,1
5,210,683,20954.699999999997,1
3,1,720,521.15,1
4,6,714,3240.4500000000003,1
2,8,720,10853.3,1
1,24,711,17088.6,1
5,27,718,3126.5,1
2,28,706,6116.2,1
1,30,723,37244.55,1
1,33,712,11647.550000000001,1
5,36,721,1323.15,1
1,43,726,14784.0,1
5,44,706,544.5,1
1,46,707,76398.1,1
2,51,723,18952.7,1
3,51,719,32762.399999999998,1
2,57,723,43333.25,1
2,59,706,6658.5,1
3,62,714,2911.2,1
1,65,718,5445.05,1
2,77,706,6121.75,1
4,88,727,7409.299999999999,1
2,93,717,15023.900000000001,1
5,93,703,2164.15,1
2,98,709,5465.4,1
2,100,713,72872.25,1
2,101,715,5748.049999999999,1
3,110,709,3933.1,1
1,113,706,11052.4,1
2,114,712,29143.05,1
2,118,726,27318.5,1
3,127,719,4746.2,1
1,129,731,18519.55,1
5,130,707,2853.05,1
5,135,726,8967.5,1
3,142,711,558.6999999999999,1
4,152,718,1902.75,1
5,161,703,2096.4500000000003,1
2,172,703,9260.0,1
1,173,702,13189.0,1
2,179,726,9423.0,1
2,180,731,5659.9,1
4,183,711,875.8499999999999,1
4,185,730,3227.5,1
2,186,705,98458.79999999999,1
3,186,728,1910.8500000000001,1
1,191,726,19726.45,1
1,198,731,34778.8,1
1,208,704,30047.0,1
3,209,711,5608.85,1
5,4,743,2295.95,1
8,4,739,5839.15,1
8,5,741,5840.700000000001,1
3,6,752,2976.7000000000003,1
8,6,758,14178.4,1
2,18,735,11447.7,1
5,18,741,1959.1,1
5,27,746,4283.05,1
1,28,743,13596.35,1
2,30,741,22971.399999999998,1
7,30,752,7686.0,1
2,33,737,9055.95,1
7,34,750,30779.850000000002,1
1,37,744,31440.35,1
7,37,749,5578.400000000001,1
7,42,762,13922.650000000001,1
6,45,732,5093.2,1
2,46,754,7027.3,1
2,51,738,30971.0,1
5,51,748,12853.75,1
6,51,734,5067.799999999999,1
3,53,757,3547.7999999999997,1
1,57,740,7053.200000000001,1
8,57,735,9531.849999999999,1
2,59,755,5044.9,1
4,62,735,2583.25,1
7,63,758,5761.75,1
2,65,754,9935.5,1
5,66,739,3269.6499999999996,1
6,66,749,14834.5,1
6,69,749,6563.25,1
7,70,744,6568.3,1
5,73,734,6290.2,1
2,77,752,11930.95,1
7,77,734,5741.950000000001,1
2,79,743,14342.25,1
5,79,746,3650.25,1
8,81,743,23341.45,1
2,83,741,28664.8,1
7,85,751,8904.15,1
4,88,749,6100.700000000001,1
6,88,743,10398.3,1
3,91,750,1985.8000000000002,1
7,91,761,78331.95,1
1,93,761,6011.7,1
5,93,734,17091.95,1
1,106,761,13601.15,1
1,114,754,5416.5,1
6,115,751,6894.0,1
1,118,738,5787.4,1
6,124,757,8994.15,1
2,125,732,16305.3,1
4,125,750,3155.5,1
4,126,736,15293.0,1
7,133,732,7808.0,1
4,135,738,617.7,1
1,139,745,7515.15,1
6,143,743,11075.8,1
3,150,738,1986.1000000000001,1
5,152,758,17449.55,1
3,164,745,9394.199999999999,1
1,167,761,9651.65,1
7,168,739,22909.0,1
7,170,753,9578.95,1
2,172,749,11178.55,1
2,173,743,8225.75,1
1,176,748,22241.0,1
1,177,756,27348.15,1
1,179,756,57289.95,1
1,180,758,47548.4,1
1,181,734,5244.099999999999,1
3,185,757,25493.0,1
2,186,749,6776.65,1
5,186,747,4931.75,1
2,188,750,22805.7,1
4,188,759,6822.45,1
2,190,734,5082.65,1
1,198,741,6086.2,1
1,208,737,15346.75,1
3,210,738,1735.75,1
7,5,782,5176.799999999999,1
3,6,790,689.5999999999999,1
6,6,782,6429.0,1
6,7,764,7917.7,1
2,8,774,27098.35,1
8,8,786,12831.05,1
2,9,777,17891.1,1
7,14,778,8465.800000000001,1
5,15,772,4922.3,1
3,22,790,881.5,1
2,24,786,6028.8,1
7,24,776,11258.5,1
5,27,766,1428.1999999999998,1
2,30,773,12351.15,1
6,30,779,7659.099999999999,1
2,33,770,5521.45,1
6,34,788,38117.15,1
2,37,777,6400.45,1
6,37,779,7528.25,1
4,38,765,3066.7000000000003,1
7,38,773,19001.15,1
8,42,780,8882.1,1
1,43,777,6225.950000000001,1
7,43,777,7154.95,1
6,45,788,6443.7,1
2,46,764,10019.25,1
1,51,775,17070.65,1
5,51,773,54766.049999999996,1
7,51,764,6998.65,1
5,53,766,2588.35,1
2,59,775,6554.700000000001,1
1,65,773,12383.800000000001,1
4,66,768,4408.1,1
8,66,765,35085.2,1
8,69,787,9279.45,1
6,70,783,9876.05,1
6,71,776,11755.95,1
8,75,772,7943.35,1
8,81,764,7823.0,1
2,83,789,76978.59999999999,1
7,85,774,31378.75,1
2,86,782,12790.85,1
4,86,784,3572.5,1
4,91,772,3107.7999999999997,1
8,91,763,26304.6,1
1,93,765,29579.1,1
4,93,777,761.9499999999999,1
4,94,771,38139.1,1
1,113,781,14950.95,1
2,114,780,6165.900000000001,1
3,126,787,10671.0,1
3,127,774,15767.1,1
8,128,789,11511.849999999999,1
6,133,788,57748.850000000006,1
2,139,783,9434.6,1
3,142,773,30659.899999999998,1
8,147,777,13010.85,1
5,150,788,3870.1499999999996,1
4,152,784,11350.5,1
4,161,773,5160.950000000001,1
5,164,781,1573.1999999999998,1
1,167,768,7853.5,1
1,172,769,23694.25,1
1,173,774,67476.35,1
1,177,773,52536.350000000006,1
6,178,769,5764.95,1
2,179,789,5840.900000000001,1
2,181,766,5863.6,1
4,183,764,2176.0,1
3,185,780,3323.0,1
2,186,771,58311.3,1
4,186,774,2715.2,1
2,188,763,9515.05,1
3,188,771,3452.0499999999997,1
1,190,768,52080.55,1
1,195,780,14857.1,1
1,198,777,6716.549999999999,1
1,206,773,17189.2,1
5,209,763,3353.5,1
4,210,780,4582.799999999999,1
4,6,815,7894.349999999999,1
8,6,804,5825.299999999999,1
7,7,817,9403.4,1
2,9,801,20295.8,1
7,14,810,39387.0,1
5,15,814,3835.6,1
8,20,809,9520.1,1
4,22,807,13371.05,1
3,23,793,2509.45,1
1,24,791,19902.95,1
8,24,813,12054.5,1
5,27,792,2984.4,1
1,28,821,6391.3,1
1,30,805,26090.149999999998,1
6,30,821,16587.6,1
5,38,813,601.7,1
8,38,820,9984.199999999999,1
4,39,808,1579.5,1
8,42,821,14739.949999999999,1
4,44,817,660.3499999999999,1
5,53,818,2332.6499999999996,1
2,59,815,5626.950000000001,1
4,66,820,4252.799999999999,1
8,66,807,7733.25,1
3,67,798,6024.25,1
6,69,806,8499.85,1
7,70,806,7380.349999999999,1
8,75,807,5607.55,1
2,77,795,7061.45,1
8,77,821,22836.85,1
2,83,814,13725.3,1
6,85,817,9703.9,1
1,86,800,6634.099999999999,1
4,86,802,10488.150000000001,1
1,98,814,22151.350000000002,1
6,98,799,6197.3,1
1,101,806,7864.25,1
2,106,802,15544.7,1
3,109,804,1142.45,1
5,110,804,5020.8,1
1,114,821,9635.9,1
4,116,806,9007.050000000001,1
6,116,801,91210.84999999999,1
1,118,795,5698.55,1
8,121,805,7696.549999999999,1
2,125,795,16568.85,1
5,125,794,970.1,1
4,126,792,4755.5,1
6,128,820,9464.65,1
2,129,807,12088.35,1
4,130,811,1398.45,1
8,131,814,6718.400000000001,1
2,139,818,6098.75,1
4,142,796,41131.4,1
6,143,791,29980.8,1
7,144,797,6943.6,1
7,146,821,11332.7,1
8,147,805,13112.5,1
5,152,819,2304.8500000000004,1
7,156,797,13352.95,1
5,161,811,945.95,1
8,168,804,6511.05,1
7,170,802,10261.05,1
1,172,816,13376.949999999999,1
1,176,796,11134.849999999999,1
7,178,813,7346.0,1
4,183,803,3747.3,1
1,186,819,22382.9,1
5,186,814,22303.35,1
2,190,812,32188.25,1
1,191,810,12731.05,1
7,192,803,8518.85,1
2,195,815,39684.35,1
1,206,817,28861.8,1
5,4,842,3662.9,1
6,4,831,14996.25,1
7,5,850,20396.05,1
6,7,837,7358.5,1
8,14,841,11710.550000000001,1
2,24,844,10694.25,1
8,24,837,20549.6,1
3,27,825,4586.1,1
1,28,828,20877.350000000002,1
1,30,826,52136.8,1
7,30,834,7294.25,1
1,33,848,24762.199999999997,1
7,34,825,11707.25,1
3,36,851,9387.4,1
2,37,840,6586.25,1
8,37,849,21160.050000000003,1
1,43,849,10150.650000000001,1
6,43,839,6998.9,1
8,45,848,15642.349999999999,1
7,49,847,17281.0,1
2,51,851,6144.55,1
3,51,846,718.65,1
7,51,844,13025.75,1
3,53,840,2818.65,1
2,57,825,23384.899999999998,1
7,57,844,18090.1,1
2,59,839,5168.200000000001,1
3,62,834,16722.95,1
7,63,837,5193.450000000001,1
2,65,828,6145.2,1
5,66,823,3406.0,1
7,66,845,13868.150000000001,1
8,69,839,9886.2,1
7,70,830,7650.5,1
3,73,831,1881.35,1
6,75,843,5672.35,1
2,77,845,60832.45,1
7,77,847,12598.55,1
2,79,844,8613.9,1
4,79,835,1178.35,1
1,83,830,16619.4,1
2,86,822,13784.449999999999,1
5,86,843,26745.0,1
5,88,851,7377.1,1
8,88,833,7213.5,1
3,91,830,20113.25,1
7,91,826,6767.6,1
2,93,827,17733.0,1
3,93,827,2448.85,1
3,94,823,6559.8,1
2,100,833,8400.05,1
1,101,845,6192.25,1
1,106,831,33806.85,1
3,109,827,1649.9,1
8,115,826,39714.05,1
1,118,843,5814.5,1
8,124,822,12898.099999999999,1
1,125,833,19612.0,1
3,125,848,3432.4,1
5,126,834,3077.3,1
4,127,833,3335.85,1
8,131,838,43172.0,1
3,135,848,27990.45,1
3,141,824,9276.0,1
7,141,848,36977.600000000006,1
6,156,847,8794.6,1
5,161,849,1463.3500000000001,1
7,170,824,23554.050000000003,1
1,176,836,12796.75,1
8,178,845,5349.349999999999,1
1,179,844,25034.0,1
1,180,828,5729.5,1
1,186,843,24006.199999999997,1
3,186,825,1819.8500000000001,1
2,188,843,10457.25,1
3,188,844,833.45,1
2,190,841,8012.35,1
1,191,842,29477.25,1
7,192,824,6583.65,1
4,204,840,35679.8,1
1,208,823,45280.0,1
5,210,826,3357.1,1
7,5,865,17279.45,1
6,7,865,16383.0,1
1,9,882,5996.4,1
6,14,867,9919.5,1
5,15,861,24374.699999999997,1
8,20,872,5979.2,1
4,23,877,6033.9,1
4,27,873,21316.25,1
3,36,857,2658.2999999999997,1
1,37,854,11812.6,1
8,37,873,70339.45,1
3,38,865,1340.8000000000002,1
6,38,878,5300.5,1
8,42,857,11958.150000000001,1
5,44,872,4399.85,1
2,46,873,11903.55,1
1,51,874,8694.0,1
4,51,869,1074.65,1
7,51,867,5080.1,1
2,57,876,6729.400000000001,1
8,57,866,14239.05,1
2,59,882,9632.45,1
3,62,864,1723.3000000000002,1
7,63,856,7118.5,1
5,66,854,25155.2,1
6,66,863,15385.85,1
3,67,864,2872.2000000000003,1
6,69,861,12866.199999999999,1
8,71,858,24033.55,1
4,73,869,8142.05,1
8,75,875,7828.35,1
2,79,869,22344.1,1
4,79,879,15739.5,1
8,81,878,73612.4,1
8,85,868,22402.399999999998,1
1,86,854,6419.299999999999,1
5,86,882,31518.3,1
5,91,870,4538.55,1
6,91,874,9033.65,1
1,98,875,20259.45,1
6,98,862,27770.9,1
1,106,859,12139.1,1
2,113,859,40438.5,1
1,114,869,21053.75,1
8,121,861,8249.349999999999,1
8,124,868,7896.0,1
3,127,860,8492.4,1
2,129,876,29167.399999999998,1
2,139,854,13975.35,1
4,142,855,3482.3500000000004,1
7,144,862,8646.900000000001,1
6,156,855,9060.7,1
6,160,858,8729.05,1
1,172,863,11467.95,1
1,176,871,11576.400000000001,1
8,178,866,5699.25,1
2,179,876,20241.85,1
2,181,874,5177.6,1
3,183,855,4566.8,1
3,185,860,2276.85,1
1,188,875,33452.95,1
5,188,859,15488.150000000001,1
1,191,856,14031.6,1
1,198,880,19022.25,1
2,206,868,7814.700000000001,1
2,208,859,13146.900000000001,1
4,1,900,7326.900000000001,1
3,4,905,2604.4,1
6,4,890,7020.15,1
8,7,894,5187.7,1
1,8,898,8859.5,1
6,8,909,10539.6,1
6,14,887,22762.3,1
3,15,910,5390.15,1
7,20,902,10751.949999999999,1
4,22,911,13211.15,1
1,24,888,5358.400000000001,1
6,24,884,18061.300000000003,1
2,30,905,37146.25,1
8,30,912,7427.05,1
3,36,905,14951.800000000001,1
5,38,885,3113.55,1
8,38,911,12754.0,1
5,39,912,1702.2,1
6,41,887,16152.0,1
2,43,888,7686.799999999999,1
8,43,892,9258.2,1
7,49,909,6389.450000000001,1
4,67,911,19560.85,1
7,69,886,10728.199999999999,1
7,70,895,13002.4,1
5,73,883,7265.85,1
7,75,897,5138.25,1
2,77,899,32179.75,1
6,77,905,5071.85,1
2,79,900,17180.75,1
3,79,910,729.05,1
2,83,890,15395.699999999999,1
6,85,901,27816.5,1
2,86,902,11079.849999999999,1
5,86,889,2121.75,1
3,88,900,2070.9,1
6,88,901,43562.299999999996,1
3,91,901,11337.8,1
8,91,901,17058.75,1
2,93,889,11318.599999999999,1
4,93,883,22918.15,1
1,98,896,6009.6,1
6,98,911,7449.0,1
1,100,898,15278.3,1
2,101,892,11597.75,1
2,106,884,12018.0,1
5,116,885,1307.25,1
6,116,904,10663.3,1
1,118,884,17743.3,1
2,125,886,5053.0,1
3,125,901,13547.550000000001,1
5,127,896,5804.299999999999,1
8,128,887,10197.9,1
1,129,894,105419.34999999999,1
3,130,892,1631.35,1
6,131,911,6900.25,1
8,133,909,6179.400000000001,1
3,135,885,539.4,1
2,139,899,22693.55,1
7,144,886,7258.6,1
7,156,903,63689.65,1
7,160,904,38727.9,1
8,168,898,38945.700000000004,1
8,170,910,11714.75,1
1,173,900,17018.65,1
1,179,896,22336.7,1
1,180,912,33957.55,1
4,185,904,3620.4,1
1,190,889,17941.25,1
2,191,893,6171.15,1
8,192,911,11376.199999999999,1
1,195,886,10975.650000000001,1
3,202,899,57018.100000000006,1
8,202,887,9260.2,1
2,208,912,9336.45,1
4,4,943,1453.6000000000001,1
6,4,923,29629.55,1
7,5,937,8580.15,1
3,6,923,11797.550000000001,1
6,6,927,11435.95,1
2,8,916,6315.8,1
7,8,923,13897.449999999999,1
2,9,925,13680.699999999999,1
8,14,939,14412.0,1
4,15,929,7288.6,1
1,18,934,32797.65,1
5,18,934,1585.1,1
5,22,923,4989.2,1
1,33,923,14784.5,1
5,38,927,10045.7,1
6,38,940,42296.1,1
3,39,926,1215.15,1
8,41,923,10384.25,1
8,42,917,5124.25,1
1,43,926,15789.65,1
7,43,937,5090.05,1
5,44,928,15673.050000000001,1
6,45,931,21288.1,1
6,49,936,10881.25,1
2,57,920,13507.8,1
7,57,936,21666.05,1
3,62,942,2113.85,1
6,63,913,7875.299999999999,1
5,66,918,51420.45,1
7,66,938,5583.099999999999,1
4,67,932,559.6500000000001,1
5,73,931,8620.7,1
6,75,924,12391.0,1
2,77,941,6765.2,1
7,77,933,9166.3,1
2,79,913,5418.55,1
5,79,928,51855.35,1
7,81,924,15451.400000000001,1
2,83,923,5872.7,1
8,85,938,17254.6,1
1,86,917,5422.9,1
4,86,925,4278.05,1
1,93,936,99430.8,1
5,93,941,6464.55,1
5,94,938,1522.8,1
2,100,936,40623.850000000006,1
1,101,924,10160.4,1
2,106,942,25658.3,1
2,114,922,6474.099999999999,1
4,116,920,9978.85,1
8,116,934,24571.6,1
8,124,923,14094.65,1
1,125,914,56431.149999999994,1
4,125,926,3522.25,1
4,126,940,11591.0,1
8,128,940,10058.2,1
7,131,916,6672.849999999999,1
4,141,916,4776.15,1
6,141,934,23394.1,1
7,146,934,6745.1,1
7,156,913,37513.649999999994,1
4,161,941,4972.900000000001,1
5,164,942,10120.4,1
2,167,914,5676.15,1
7,168,917,65587.34999999999,1
2,173,926,24264.65,1
7,178,940,5133.65,1
2,180,928,8123.65,1
3,183,923,16423.55,1
4,185,919,1262.95,1
1,186,922,21134.6,1
4,186,926,2288.85,1
2,188,927,7251.1,1
4,188,916,2342.25,1
2,190,931,32692.85,1
8,192,915,7051.75,1
5,204,937,4949.8,1
5,210,926,35693.8,1
5,1,957,1842.15,1
3,4,950,2819.5,1
8,4,964,6951.45,1
6,5,968,8921.849999999999,1
5,6,957,1411.0,1
8,6,951,6047.849999999999,1
6,7,973,9237.3,1
1,24,968,18429.3,1
6,24,954,5491.35,1
5,27,946,10168.9,1
2,33,961,9323.65,1
3,36,961,1955.8500000000001,1
7,41,973,11048.65,1
4,44,964,3834.95,1
2,46,953,25442.0,1
7,49,972,12815.35,1
1,51,968,12168.150000000001,1
4,51,948,4664.3,1
8,51,970,5368.0,1
5,53,967,52107.700000000004,1
1,57,969,19064.3,1
6,57,957,48753.8,1
8,63,958,5570.0,1
2,65,947,8170.0,1
5,66,953,20709.050000000003,1
8,66,951,9466.900000000001,1
4,67,949,11279.15,1
7,75,947,12587.550000000001,1
1,77,957,15087.550000000001,1
7,77,953,8760.599999999999,1
7,81,950,16137.8,1
2,86,964,5046.25,1
4,86,971,3706.3999999999996,1
4,91,945,2780.4500000000003,1
7,91,952,7600.8,1
4,94,947,796.5,1
2,106,963,6702.05,1
2,113,969,39991.4,1
1,114,949,34145.5,1
5,116,959,7902.849999999999,1
8,116,972,37815.15,1
2,118,956,24692.199999999997,1
2,129,973,18865.899999999998,1
8,131,973,41039.25,1
4,135,950,1310.6999999999998,1
3,142,953,2930.3500000000004,1
8,143,972,14900.95,1
8,144,973,11495.95,1
6,156,970,24486.550000000003,1
8,170,964,5066.549999999999,1
2,172,947,6313.65,1
2,173,957,9205.599999999999,1
5,183,956,2560.2999999999997,1
4,185,973,18028.699999999997,1
2,188,974,15081.05,1
5,188,954,3440.7999999999997,1
2,195,955,7615.45,1
5,210,972,7880.900000000001,1
3,1,984,3307.5,1
3,4,997,5307.799999999999,1
6,4,993,6924.349999999999,1
2,18,1001,5112.799999999999,1
4,18,1002,3079.3,1
5,22,981,1270.95,1
5,23,999,10209.349999999999,1
5,27,990,4212.85,1
8,34,989,11949.449999999999,1
3,38,1004,818.75,1
7,38,982,113149.3,1
6,41,985,8461.2,1
8,42,975,10845.2,1
2,43,983,10682.0,1
8,43,981,6273.75,1
6,49,993,5800.650000000001,1
1,57,981,8912.75,1
8,57,1001,6393.75,1
8,63,981,45383.75,1
6,70,1004,11699.2,1
7,71,994,26962.550000000003,1
2,83,1004,11560.45,1
5,94,997,4580.0,1
1,98,1004,18282.25,1
7,98,1002,12933.0,1
2,100,996,8829.1,1
5,109,981,6554.6,1
2,114,993,17802.0,1
6,115,978,16019.65,1
5,116,1000,5265.4,1
6,116,995,6412.65,1
2,118,982,17612.550000000003,1
6,124,985,9360.449999999999,1
4,127,999,6712.25,1
4,130,996,4766.95,1
7,131,999,5517.4,1
6,133,975,6968.35,1
7,144,976,14714.65,1
6,146,1004,33380.2,1
6,147,988,9825.2,1
4,152,990,8098.65,1
6,156,1003,6190.75,1
6,160,990,8947.85,1
5,161,981,7000.5,1
5,164,982,4145.65,1
1,167,1001,8214.85,1
7,170,978,7956.05,1
1,172,989,13237.05,1
1,176,984,14835.150000000001,1
1,177,979,25747.449999999997,1
2,179,985,9272.75,1
2,180,996,16731.75,1
1,181,999,6660.8,1
4,183,998,1181.05,1
5,185,1003,26722.1,1
1,195,984,8389.1,1
5,204,990,5035.15,1
4,209,988,733.45,1
3,1,1019,3176.85,1
5,4,1016,17868.6,1
6,4,1034,5933.8,1
4,6,1021,2835.0,1
6,6,1012,23210.100000000002,1
8,7,1013,10339.1,1
2,9,1006,14716.65,1
7,14,1032,5444.400000000001,1
3,22,1022,29960.6,1
2,24,1025,6746.7,1
8,24,1018,11417.7,1
4,27,1034,7203.85,1
2,28,1011,12014.400000000001,1
1,33,1020,8839.7,1
3,36,1013,23549.899999999998,1
1,37,1022,5716.45,1
8,37,1017,8581.3,1
6,42,1012,13536.5,1
7,45,1023,5571.45,1
2,46,1026,17680.15,1
6,49,1024,9606.900000000001,1
1,51,1023,25382.649999999998,1
3,51,1035,906.0,1
7,51,1018,13777.650000000001,1
5,53,1021,8146.950000000001,1
2,59,1029,58478.149999999994,1
2,65,1031,37932.7,1
7,71,1033,10083.95,1
6,75,1007,8355.25,1
2,77,1030,13527.6,1
6,77,1005,9170.05,1
2,79,1023,7705.950000000001,1
4,79,1028,24408.649999999998,1
1,83,1027,5345.299999999999,1
7,85,1018,12882.349999999999,1
5,94,1030,1546.6999999999998,1
1,100,1007,11306.400000000001,1
5,109,1031,1520.6,1
3,110,1020,12169.0,1
2,113,1013,30440.55,1
6,115,1020,15156.7,1
4,116,1035,3391.7000000000003,1
7,116,1005,17779.25,1
2,118,1026,5544.75,1
7,121,1022,5143.95,1
3,127,1008,6677.1,1
3,142,1009,573.1,1
6,144,1025,13511.35,1
6,146,1031,10831.25,1
3,164,1019,10314.449999999999,1
1,167,1027,7080.650000000001,1
7,170,1022,5354.55,1
2,176,1032,38764.0,1
1,179,1021,5114.3,1
2,190,1013,8544.75,1
1,195,1009,15527.3,1
4,204,1023,1455.75,1
2,206,1007,32452.9,1
1,208,1006,72922.70000000001,1
4,209,1027,6749.0,1
4,1,1050,11644.05,1
5,4,1049,3757.8500000000004,1
6,4,1061,6543.450000000001,1
7,5,1062,6008.0,1
6,7,1062,6608.7,1
2,8,1053,41234.65,1
7,8,1064,8819.9,1
1,18,1054,5604.099999999999,1
5,18,1058,19266.1,1
2,24,1051,19277.550000000003,1
6,24,1037,13559.6,1
1,28,1036,9522.15,1
1,30,1042,9285.35,1
7,30,1040,7229.0,1
2,33,1062,10123.55,1
5,36,1064,1692.0,1
1,37,1044,10889.1,1
8,37,1045,8441.35,1
3,38,1037,12122.4,1
8,38,1042,10623.0,1
5,39,1055,3098.35,1
6,41,1046,8983.150000000001,1
3,44,1057,3761.5,1
1,46,1045,7838.200000000001,1
8,49,1043,7456.35,1
1,57,1052,14429.300000000001,1
7,57,1054,6834.15,1
5,62,1049,898.9499999999999,1
6,63,1055,6888.35,1
5,66,1044,3965.55,1
8,66,1056,12878.900000000001,1
4,67,1054,7032.25,1
7,69,1053,8996.5,1
2,79,1063,15897.85,1
4,79,1062,650.5,1
2,83,1041,6837.200000000001,1
1,86,1041,12352.7,1
3,86,1051,6495.25,1
4,109,1036,1316.6499999999999,1
1,114,1058,12581.949999999999,1
3,116,1063,2842.9500000000003,1
6,116,1046,9003.95,1
1,118,1039,8183.65,1
2,125,1065,7237.1,1
4,125,1048,1651.3,1
4,126,1041,48379.95,1
6,128,1055,39404.35,1
5,130,1060,3709.25,1
6,133,1044,8853.8,1
7,147,1047,9213.8,1
4,150,1046,14342.2,1
5,152,1054,2007.85,1
6,156,1049,7052.25,1
3,161,1052,9504.8,1
5,164,1056,10448.3,1
2,172,1064,77348.25,1
1,176,1058,14315.599999999999,1
1,177,1051,6741.5,1
7,178,1038,5965.700000000001,1
1,179,1065,15519.8,1
2,180,1064,14899.65,1
3,183,1043,586.4,1
2,188,1055,11697.95,1
4,188,1058,4636.9,1
1,191,1057,6289.5,1
6,192,1042,7993.6,1
2,195,1047,13577.7,1
2,198,1042,19644.85,1
4,202,1060,2570.0,1
8,202,1042,5122.3,1
5,204,1050,5911.35,1
1,206,1060,5195.299999999999,1
6,5,1078,6001.45,1
3,6,1080,11714.2,1
6,6,1086,21093.15,1
6,7,1067,23819.899999999998,1
2,8,1096,32749.2,1
8,8,1096,17725.050000000003,1
4,15,1074,4005.5,1
2,18,1077,12488.599999999999,1
3,18,1096,1681.6499999999999,1
7,20,1071,10796.55,1
5,22,1096,979.3000000000001,1
2,24,1071,12159.400000000001,1
7,24,1074,8810.800000000001,1
5,27,1094,7757.150000000001,1
2,28,1083,6857.45,1
1,30,1078,7757.200000000001,1
6,30,1088,35108.7,1
5,36,1078,16901.25,1
8,41,1076,5721.549999999999,1
7,42,1080,8732.8,1
4,44,1073,3605.65,1
2,46,1084,9594.75,1
6,49,1070,15408.95,1
4,62,1078,6684.700000000001,1
2,65,1081,124468.4,1
5,66,1094,7492.200000000001,1
7,66,1093,27199.8,1
8,70,1069,11916.849999999999,1
5,88,1083,3765.5,1
6,88,1087,6223.0,1
2,93,1075,80877.55,1
4,93,1091,2451.25,1
2,98,1092,12699.2,1
6,98,1071,30574.949999999997,1
1,101,1087,45809.799999999996,1
2,106,1067,5672.799999999999,1
1,113,1084,9900.0,1
2,114,1091,6943.25,1
1,118,1081,5411.05,1
6,121,1067,37709.65,1
7,124,1080,17127.1,1
5,127,1091,17266.1,1
7,128,1088,7758.3,1
8,133,1096,10941.15,1
5,135,1088,6490.1,1
3,142,1094,5724.5,1
8,143,1076,5235.549999999999,1
6,156,1086,8057.95,1
6,160,1085,6538.75,1
5,161,1088,1809.3000000000002,1
5,164,1083,918.9,1
1,167,1081,8188.200000000001,1
8,168,1093,8048.8,1
8,178,1088,30821.199999999997,1
4,185,1096,1384.1999999999998,1
1,190,1084,7931.599999999999,1
1,191,1082,18744.75,1
8,192,1087,5618.150000000001,1
2,195,1072,26734.5,1
5,202,1074,19228.15,1
8,202,1070,17137.3,1
4,204,1081,28220.35,1
1,206,1084,11808.95,1
2,208,1082,14210.150000000001,1
4,209,1075,8193.55,1
4,210,1088,9087.0,1
8,5,1106,39688.95,1
8,7,1110,37915.95,1
2,8,1107,11113.85,1
6,8,1112,12114.949999999999,1
7,14,1099,8610.95,1
9,14,1110,45969.5,1
3,15,1105,2867.7,1
9,15,1115,69979.4,1
2,18,1119,8672.45,1
3,18,1111,850.95,1
10,18,1126,29558.600000000002,1
3,22,1105,783.0500000000001,1
9,22,1105,36408.0,1
3,23,1097,4998.25,1
9,23,1119,55919.1,1
4,27,1105,60298.05,1
2,28,1109,8884.6,1
9,31,1107,369488.35,1
1,33,1109,9532.45,1
6,34,1124,11396.35,1
9,35,1099,78761.75,1
4,38,1108,1340.1,1
6,38,1107,5617.9,1
3,39,1097,2614.95,1
8,42,1119,16336.949999999999,1
10,42,1117,83795.1,1
2,43,1120,13289.25,1
6,43,1118,7002.3,1
9,43,1102,32385.300000000003,1
3,44,1119,13772.550000000001,1
8,49,1124,8318.45,1
4,53,1121,4579.5,1
1,57,1109,5109.150000000001,1
6,57,1127,29233.25,1
3,62,1126,2014.5500000000002,1
7,63,1108,14063.25,1
10,63,1110,59730.299999999996,1
10,68,1109,66747.34999999999,1
6,69,1124,5949.400000000001,1
10,69,1119,34046.75,1
5,73,1116,1094.35,1
10,74,1101,99814.9,1
7,75,1110,5987.4,1
1,77,1115,26858.850000000002,1
6,77,1120,6681.4,1
10,77,1102,33630.85,1
8,85,1110,10677.15,1
3,88,1098,3835.85,1
8,88,1115,12621.35,1
4,91,1103,12751.25,1
6,91,1102,5097.6,1
1,93,1123,9939.0,1
3,93,1098,16378.85,1
10,93,1122,208679.8,1
1,98,1097,7268.150000000001,1
7,98,1100,17921.45,1
2,101,1115,8615.7,1
1,106,1106,17031.65,1
1,114,1097,17455.8,1
4,116,1103,1430.05,1
8,116,1125,5934.2,1
2,118,1104,14539.349999999999,1
9,120,1108,37784.899999999994,1
9,122,1098,27575.300000000003,1
8,124,1120,12020.5,1
1,125,1106,5379.75,1
3,125,1126,1201.05,1
4,130,1112,1421.1000000000001,1
8,131,1127,10676.75,1
8,133,1126,11862.85,1
10,137,1097,27296.25,1
3,142,1097,10651.099999999999,1
9,142,1119,188357.05000000002,1
6,143,1125,12458.35,1
7,144,1109,6690.650000000001,1
8,146,1123,10272.550000000001,1
5,152,1105,3784.5,1
7,156,1127,9543.65,1
7,160,1119,25099.0,1
10,162,1102,52269.95,1
5,164,1127,7174.2,1
10,166,1106,47306.8,1
2,167,1125,12279.75,1
10,167,1115,27313.55,1
2,173,1105,14668.85,1
2,177,1110,21197.75,1
9,177,1105,92045.04999999999,1
8,178,1120,45641.6,1
10,178,1120,77355.0,1
1,180,1123,14287.1,1
4,183,1116,773.75,1
5,185,1126,4428.7,1
2,188,1104,18224.6,1
4,188,1125,10967.0,1
9,188,1117,300091.4,1
7,192,1115,10154.8,1
10,199,1116,48424.15,1
4,202,1114,17648.65,1
7,202,1125,30688.15,1
9,202,1103,81775.65,1
3,204,1103,747.55,1
10,204,1106,54562.799999999996,1
2,206,1108,9764.45,1
10,206,1103,638188.5,1
1,208,1112,15226.6,1
4,209,1119,1846.6999999999998,1
5,210,1121,1815.35,1
4,4,1145,1101.55,1
6,4,1132,14749.349999999999,1
9,4,1150,42943.950000000004,1
6,5,1153,7318.7,1
5,6,1155,949.25,1
8,6,1150,14119.400000000001,1
6,7,1133,9915.800000000001,1
2,8,1153,48970.75,1
6,8,1152,36361.0,1
2,9,1152,33202.1,1
8,14,1150,10289.8,1
10,14,1150,43299.15,1
4,15,1147,5070.75,1
10,15,1155,25669.1,1
7,20,1131,6086.45,1
10,20,1128,53924.95,1
4,23,1138,12297.7,1
9,23,1152,26027.649999999998,1
2,28,1148,11123.3,1
9,31,1131,43459.25,1
4,36,1139,2966.95,1
9,36,1137,27821.350000000002,1
1,37,1141,8520.599999999999,1
7,37,1145,7813.85,1
4,38,1146,1202.75,1
7,38,1151,8127.35,1
4,44,1149,18804.25,1
2,46,1141,6205.349999999999,1
8,49,1130,19363.399999999998,1
1,51,1134,5687.75,1
4,51,1130,7884.6,1
7,51,1134,14820.2,1
9,52,1139,48047.65,1
4,53,1133,3802.9,1
7,70,1152,145305.94999999998,1
5,73,1131,7053.85,1
10,74,1147,37429.2,1
7,81,1154,28743.850000000002,1
2,86,1129,5800.5,1
5,86,1129,28908.0,1
3,88,1131,17354.9,1
6,88,1149,19033.85,1
1,93,1130,23788.800000000003,1
3,93,1151,1471.1000000000001,1
9,93,1148,29796.9,1
5,94,1135,549.6500000000001,1
2,101,1153,138549.55,1
1,106,1138,8957.8,1
10,107,1149,35024.7,1
4,109,1143,2638.8,1
3,110,1153,7856.950000000001,1
4,116,1129,18608.85,1
7,116,1138,27748.05,1
1,118,1137,12898.099999999999,1
8,121,1136,41623.25,1
7,124,1152,9846.15,1
6,128,1146,9354.45,1
2,129,1151,12848.800000000001,1
6,133,1139,8637.4,1
3,135,1139,971.2,1
10,138,1132,78311.35,1
4,142,1144,652.95,1
9,142,1132,108879.1,1
9,145,1151,33283.049999999996,1
7,146,1132,5889.099999999999,1
7,147,1133,22119.949999999997,1
10,147,1146,31795.55,1
5,150,1137,18215.2,1
9,151,1152,35543.6,1
5,152,1150,2637.4,1
10,162,1142,155045.25,1
5,164,1153,14568.65,1
9,165,1147,40321.1,1
2,167,1133,5071.35,1
10,167,1143,68031.85,1
2,172,1131,21185.65,1
9,174,1130,36274.05,1
2,177,1147,13544.849999999999,1
10,177,1153,98735.35,1
1,179,1153,11320.599999999999,1
2,180,1144,43005.55,1
1,181,1135,63508.05,1
9,182,1135,57516.899999999994,1
3,183,1144,19265.050000000003,1
3,185,1133,648.25,1
2,188,1137,10588.55,1
3,188,1134,1334.05,1
9,188,1136,38484.1,1
1,191,1138,7617.849999999999,1
6,192,1130,16199.7,1
10,193,1146,54482.85,1
1,195,1131,15782.85,1
9,199,1130,53244.65,1
4,202,1128,9013.35,1
6,202,1130,22195.4,1
10,202,1140,42713.5,1
9,203,1147,60407.55,1
5,204,1146,4143.4,1
9,204,1142,64137.05,1
2,208,1143,15449.2,1
5,1,1170,16127.550000000001,1
5,4,1161,9647.0,1
7,4,1165,10101.75,1
9,4,1156,30546.75,1
3,6,1157,641.3,1
7,6,1178,11371.6,1
6,7,1163,12943.35,1
2,9,1172,11270.550000000001,1
2,18,1163,6143.0,1
3,18,1166,4795.400000000001,1
10,18,1186,33621.0,1
2,28,1174,24481.550000000003,1
10,31,1181,26565.65,1
2,33,1176,7845.25,1
7,34,1169,6621.35,1
10,35,1172,42296.850000000006,1
4,36,1177,7077.9,1
10,36,1184,45378.549999999996,1
1,37,1167,18963.0,1
7,37,1181,12858.599999999999,1
4,39,1184,862.6999999999999,1
6,41,1178,8200.05,1
9,41,1184,26041.0,1
6,42,1177,8684.75,1
9,42,1178,88250.35,1
2,43,1164,14470.2,1
8,43,1171,6771.65,1
10,43,1176,66085.55,1
3,44,1168,8992.35,1
6,45,1181,10528.800000000001,1
7,49,1181,7182.1,1
10,52,1173,42058.450000000004,1
5,53,1167,1686.6499999999999,1
9,54,1159,56759.15,1
4,62,1176,4746.7,1
3,67,1173,6741.45,1
8,69,1169,20551.75,1
9,69,1162,116071.7,1
7,71,1170,7021.849999999999,1
10,74,1183,25663.75,1
6,75,1165,5881.65,1
1,79,1177,12788.199999999999,1
5,79,1163,1564.4499999999998,1
2,83,1162,19639.2,1
6,85,1176,8125.5,1
3,88,1178,5581.0,1
8,88,1165,6552.35,1
2,93,1157,11239.05,1
5,93,1178,3523.4500000000003,1
9,93,1178,42362.9,1
4,94,1184,6350.8,1
1,98,1156,8417.949999999999,1
6,98,1171,5870.1,1
2,101,1177,21557.350000000002,1
2,113,1175,11055.0,1
1,114,1178,6182.150000000001,1
6,115,1168,19800.3,1
6,121,1184,15279.25,1
10,122,1183,31167.15,1
2,125,1170,5751.7,1
4,125,1182,22296.05,1
7,128,1178,10061.3,1
1,129,1162,7471.4,1
8,133,1167,7009.299999999999,1
3,135,1173,8885.7,1
9,137,1170,47157.200000000004,1
5,141,1176,55367.95,1
7,141,1160,5640.25,1
10,141,1159,35211.3,1
8,143,1170,6945.8,1
8,147,1156,24331.8,1
9,147,1161,103804.3,1
7,160,1159,13182.75,1
3,161,1185,23446.199999999997,1
10,162,1164,64130.15,1
9,165,1163,132039.65,1
2,167,1160,9387.6,1
9,167,1180,72326.35,1
1,172,1162,16339.55,1
1,173,1186,15288.25,1
10,174,1184,25602.05,1
1,177,1185,23515.949999999997,1
9,177,1163,28283.1,1
7,178,1166,17467.75,1
10,178,1166,29074.899999999998,1
1,179,1169,21930.75,1
1,180,1184,10538.5,1
10,182,1161,38385.8,1
4,185,1166,38422.55,1
2,186,1159,7202.55,1
5,186,1183,13261.15,1
1,188,1175,16511.9,1
5,188,1158,7874.0,1
10,188,1186,25399.1,1
1,190,1182,6417.849999999999,1
9,190,1170,91835.9,1
1,191,1171,5775.25,1
10,193,1180,33239.2,1
1,195,1179,18883.45,1
5,202,1163,20807.800000000003,1
7,202,1160,7154.15,1
9,202,1158,33734.95,1
10,203,1156,25385.45,1
9,207,1159,115185.59999999999,1
5,209,1173,6419.400000000001,1
3,210,1182,2580.7,1
5,1,1201,1559.95,1
7,5,1197,17325.2,1
2,8,1192,37820.35,1
8,8,1201,9598.150000000001,1
1,9,1200,9267.25,1
8,14,1212,29350.6,1
9,14,1188,42322.5,1
4,15,1210,2651.9,1
9,15,1192,50573.149999999994,1
5,23,1194,17461.75,1
9,23,1190,45525.600000000006,1
1,24,1207,18607.2,1
6,24,1209,11337.95,1
10,24,1198,99683.85,1
4,27,1188,17140.25,1
2,30,1200,5543.6,1
6,30,1202,11915.3,1
10,30,1214,85528.45,1
10,31,1193,40456.799999999996,1
6,34,1196,8599.75,1
10,35,1196,27074.55,1
4,39,1192,1374.3000000000002,1
7,41,1199,5395.8,1
9,41,1203,87236.45000000001,1
5,44,1188,1823.3500000000001,1
10,52,1198,192057.25,1
4,53,1214,18930.75,1
1,59,1190,11682.349999999999,1
6,63,1208,8759.15,1
9,63,1191,67863.3,1
9,68,1195,55570.200000000004,1
8,69,1202,9128.55,1
10,69,1211,54682.75,1
6,70,1206,8689.6,1
6,71,1207,15167.1,1
9,74,1211,27049.35,1
1,79,1193,8214.3,1
5,79,1216,11444.6,1
6,85,1187,185096.75,1
1,86,1191,5623.099999999999,1
3,86,1204,1937.3,1
5,88,1207,17855.350000000002,1
7,88,1206,5876.0,1
5,91,1191,2388.1,1
7,91,1206,5701.45,1
5,94,1205,3722.5,1
1,100,1195,6512.05,1
10,100,1211,50412.9,1
2,101,1203,13943.75,1
2,106,1212,9437.0,1
4,109,1206,4874.1,1
1,114,1194,8748.95,1
5,116,1193,3230.6,1
6,116,1216,9250.5,1
10,122,1202,28616.8,1
2,125,1216,11746.0,1
4,125,1194,5363.400000000001,1
6,128,1188,25291.8,1
2,129,1210,5487.05,1
4,130,1192,1880.5500000000002,1
7,131,1205,12793.099999999999,1
6,133,1210,15773.699999999999,1
4,135,1189,1979.05,1
10,137,1205,28435.8,1
9,138,1212,105594.7,1
2,139,1202,47029.700000000004,1
5,141,1193,17624.3,1
6,141,1216,23666.149999999998,1
10,141,1194,64535.200000000004,1
5,142,1198,6387.849999999999,1
10,142,1202,106309.85,1
6,143,1206,19926.0,1
9,145,1199,58559.0,1
7,146,1191,15899.300000000001,1
4,150,1200,4383.9,1
10,151,1211,31195.9,1
3,152,1210,7124.349999999999,1
7,160,1211,8922.1,1
10,162,1214,25104.1,1
5,164,1202,9482.75,1
10,165,1211,34248.0,1
10,166,1204,25132.95,1
2,167,1202,10131.95,1
10,167,1215,33397.25,1
6,170,1203,14546.300000000001,1
10,170,1216,113165.55,1
2,172,1201,17235.65,1
10,174,1205,63689.6,1
2,176,1214,5100.950000000001,1
7,178,1202,12518.85,1
9,178,1215,66754.9,1
1,181,1190,5117.05,1
4,183,1198,4620.45,1
1,186,1196,29000.8,1
5,186,1215,559.5,1
1,198,1194,16421.85,1
10,199,1215,29876.100000000002,1
5,202,1207,3721.3999999999996,1
8,202,1204,9279.349999999999,1
10,202,1214,54364.95,1
2,208,1193,53587.200000000004,1
3,209,1210,3692.7999999999997,1
4,210,1212,8779.95,1
3,1,1244,29352.399999999998,1
4,4,1245,2823.8999999999996,1
7,4,1234,5168.400000000001,1
10,4,1220,45087.799999999996,1
6,5,1219,20802.600000000002,1
4,6,1244,1843.1,1
7,6,1223,7585.950000000001,1
2,9,1238,6976.0,1
7,20,1229,16699.6,1
9,20,1220,70028.15,1
5,22,1242,16349.449999999999,1
9,22,1245,28617.5,1
5,23,1219,5650.950000000001,1
9,23,1231,37889.4,1
1,24,1224,7346.45,1
8,24,1217,12081.75,1
10,24,1227,49206.75,1
4,27,1230,2073.65,1
1,28,1218,11763.150000000001,1
2,30,1240,9574.5,1
7,30,1218,19951.1,1
9,30,1229,43789.15,1
1,33,1234,20890.5,1
8,34,1226,6986.05,1
5,36,1228,22067.0,1
9,36,1247,156228.65,1
2,43,1234,7867.55,1
6,43,1221,13585.3,1
9,43,1223,47899.55,1
5,44,1231,1726.6,1
1,46,1224,7331.849999999999,1
2,51,1243,27371.149999999998,1
3,51,1226,9021.849999999999,1
8,51,1227,9954.400000000001,1
9,52,1221,27997.5,1
5,53,1224,4920.0,1
10,54,1217,25637.0,1
1,59,1217,26433.449999999997,1
4,62,1223,7369.349999999999,1
3,67,1231,1419.8500000000001,1
10,68,1231,54199.5,1
6,69,1225,28946.75,1
9,69,1230,69833.75,1
7,70,1224,7741.7,1
6,71,1235,12919.8,1
9,74,1242,106157.25,1
2,77,1234,6182.25,1
8,77,1226,8160.0,1
10,77,1240,37827.15,1
1,79,1220,18386.9,1
5,79,1242,49704.350000000006,1
8,81,1241,40330.85,1
9,87,1246,44766.2,1
2,93,1243,22009.65,1
4,93,1235,13257.9,1
9,93,1237,32289.55,1
2,100,1238,12116.300000000001,1
10,100,1239,532346.4,1
1,101,1245,21797.85,1
5,109,1227,7725.900000000001,1
4,110,1223,26102.85,1
4,116,1218,1151.9499999999998,1
7,116,1244,15283.55,1
7,121,1239,26454.949999999997,1
9,122,1237,560037.5,1
7,124,1240,5521.549999999999,1
1,125,1246,5369.25,1
5,125,1231,514.35,1
4,127,1229,27881.65,1
7,128,1239,16434.25,1
1,129,1221,13701.949999999999,1
4,130,1230,3270.0,1
5,135,1242,72405.3,1
10,138,1224,29438.75,1
5,141,1246,10552.0,1
6,141,1238,5662.7,1
9,141,1229,38874.6,1
3,142,1217,10553.4,1
9,142,1247,63306.7,1
9,145,1245,34860.15,1
7,147,1233,27523.899999999998,1
10,147,1227,93629.45,1
6,160,1243,10408.3,1
3,161,1246,3816.95,1
10,162,1235,38512.2,1
9,165,1217,35046.05,1
6,168,1228,19384.75,1
9,168,1234,34427.45,1
7,170,1247,7770.299999999999,1
10,170,1219,36106.2,1
2,172,1239,12598.099999999999,1
2,173,1240,11237.85,1
9,174,1228,35468.049999999996,1
1,176,1243,36707.25,1
9,182,1222,53790.0,1
4,185,1238,7461.599999999999,1
1,186,1243,23572.5,1
4,186,1242,27169.050000000003,1
1,188,1221,9357.25,1
5,188,1244,1743.5,1
9,188,1229,58093.4,1
7,192,1243,6915.4,1
2,195,1219,43992.95,1
9,199,1228,121934.55,1
3,202,1235,15394.15,1
6,202,1234,12713.199999999999,1
10,202,1247,130011.7,1
5,209,1230,593.95,1
4,210,1224,625.3,1
3,6,1254,8891.25,1
6,6,1255,6119.049999999999,1
1,8,1264,15664.15,1
6,8,1273,16470.25,1
7,14,1250,27647.600000000002,1
10,14,1271,31682.95,1
3,15,1272,30011.199999999997,1
10,15,1272,28433.699999999997,1
2,18,1275,5476.0,1
3,18,1276,5800.1,1
9,18,1275,31795.300000000003,1
5,23,1271,26561.95,1
9,23,1265,59833.3,1
1,24,1252,6475.2,1
7,24,1268,7450.85,1
10,24,1269,26717.25,1
4,27,1267,1632.6499999999999,1
2,30,1269,8889.400000000001,1
7,30,1270,5095.05,1
9,30,1263,81414.65,1
4,39,1275,1622.0500000000002,1
7,41,1261,17758.699999999997,1
9,41,1258,26022.05,1
7,42,1252,23679.899999999998,1
9,42,1275,56204.1,1
1,43,1275,6672.9,1
7,43,1265,19040.25,1
9,43,1276,42611.65,1
4,44,1262,2364.6,1
2,46,1251,5543.85,1
2,51,1266,6717.4,1
3,51,1256,23951.8,1
8,51,1276,17217.449999999997,1
10,52,1274,31661.399999999998,1
1,57,1254,6458.3,1
8,57,1269,38414.2,1
7,63,1250,15267.6,1
9,63,1266,58231.899999999994,1
4,66,1270,1084.65,1
8,66,1265,5170.0,1
10,66,1270,29757.800000000003,1
6,69,1261,7768.200000000001,1
9,69,1249,75256.6,1
5,73,1249,2846.65,1
10,74,1264,40506.2,1
6,75,1251,7506.2,1
2,77,1252,30041.7,1
6,77,1248,6116.1,1
10,77,1250,48109.2,1
2,79,1253,18894.8,1
4,79,1261,20247.850000000002,1
6,81,1248,22394.2,1
6,85,1276,5893.400000000001,1
9,87,1273,41003.05,1
1,106,1272,6337.9,1
9,107,1265,32591.9,1
2,114,1274,23494.15,1
4,116,1250,1547.3,1
7,116,1276,6833.099999999999,1
1,118,1259,35493.0,1
7,121,1249,23199.2,1
8,124,1272,8580.1,1
2,129,1259,28885.4,1
5,130,1267,34402.65,1
6,131,1250,5403.400000000001,1
8,133,1267,10483.65,1
10,138,1276,58288.25,1
1,139,1271,9454.6,1
5,142,1250,5061.85,1
9,142,1253,32979.15,1
9,151,1266,25478.15,1
3,152,1273,2867.2000000000003,1
6,156,1248,10519.6,1
4,161,1259,60886.049999999996,1
9,165,1264,27191.65,1
7,168,1248,14372.7,1
9,168,1272,139552.45,1
1,173,1276,38746.05,1
1,176,1248,14793.65,1
7,178,1257,13232.4,1
10,178,1259,185613.69999999998,1
2,179,1251,5174.650000000001,1
4,183,1274,34407.2,1
3,185,1251,11477.2,1
2,186,1260,6665.25,1
4,186,1271,2051.9,1
1,191,1252,30905.0,1
1,198,1270,14441.25,1
9,199,1253,172467.15,1
4,202,1252,14935.8,1
6,202,1272,10402.3,1
10,202,1252,119240.9,1
9,207,1268,65850.95,1
4,210,1249,2155.75,1
6,5,1300,9611.5,1
6,7,1295,26335.0,1
1,8,1279,17567.6,1
8,8,1304,13584.05,1
2,9,1287,26751.95,1
5,15,1294,8028.7,1
9,15,1288,105780.20000000001,1
8,20,1297,7163.75,1
9,20,1290,44543.8,1
4,27,1306,7881.5,1
10,31,1279,36126.65,1
6,34,1294,39513.7,1
4,36,1281,9812.1,1
10,36,1301,28759.0,1
1,37,1289,14448.0,1
7,37,1287,19751.65,1
2,43,1293,9176.25,1
8,43,1292,23237.1,1
10,43,1279,52278.75,1
7,45,1289,9041.0,1
7,49,1306,12381.800000000001,1
1,51,1305,16707.550000000003,1
5,51,1299,2924.9,1
8,51,1298,6021.5,1
10,52,1278,48392.85,1
10,54,1282,45010.75,1
1,57,1300,5159.15,1
8,57,1302,51346.0,1
1,65,1287,6389.099999999999,1
4,66,1280,1372.2,1
8,66,1290,6127.35,1
10,66,1307,484829.89999999997,1
9,68,1304,25982.05,1
6,71,1298,15932.4,1
9,74,1308,91352.85,1
3,88,1307,5682.849999999999,1
7,88,1287,17774.45,1
1,93,1282,9638.7,1
4,93,1285,1525.6999999999998,1
10,93,1278,91641.75,1
2,101,1294,53768.100000000006,1
1,106,1304,8211.55,1
10,107,1304,35078.1,1
1,114,1284,19748.85,1
6,115,1302,24178.55,1
9,122,1305,33349.35,1
8,124,1286,10812.1,1
5,127,1287,11309.9,1
1,129,1289,8609.05,1
6,133,1308,10358.150000000001,1
10,137,1285,79885.6,1
10,138,1284,116488.9,1
2,139,1281,9738.05,1
3,141,1278,25513.75,1
7,141,1278,6050.0,1
9,141,1282,49113.950000000004,1
7,144,1305,8045.15,1
10,145,1286,31716.350000000002,1
7,146,1301,10152.0,1
5,150,1293,855.3,1
10,151,1287,37737.15,1
3,152,1297,7165.349999999999,1
7,156,1287,7811.65,1
8,160,1296,14044.8,1
4,164,1303,13485.650000000001,1
9,165,1303,36596.45,1
9,166,1290,115551.4,1
2,167,1301,14699.5,1
10,167,1289,42708.450000000004,1
8,168,1292,10809.2,1
10,168,1278,43036.450000000004,1
10,174,1299,51043.149999999994,1
8,178,1307,8731.900000000001,1
9,178,1288,39055.700000000004,1
1,181,1298,16084.0,1
10,182,1285,41289.65,1
5,183,1293,1253.6499999999999,1
1,186,1295,19833.9,1
5,186,1288,2085.55,1
2,188,1291,9284.25,1
4,188,1281,5353.7,1
9,188,1293,176322.15,1
2,190,1291,6230.900000000001,1
10,190,1294,35336.950000000004,1
10,193,1285,33822.15,1
1,195,1284,16564.35,1
9,199,1293,42104.899999999994,1
3,202,1303,6556.45,1
7,202,1289,7541.05,1
10,202,1293,112958.70000000001,1
9,203,1299,27532.0,1
5,204,1284,1587.1000000000001,1
10,204,1281,31102.05,1
2,206,1307,80213.15,1
9,206,1299,70930.65,1
9,207,1305,29006.7,1
4,209,1290,69562.95,1
3,210,1294,33409.4,1
3,1,1321,7103.0,1
4,4,1336,14467.9,1
7,4,1318,12048.0,1
9,4,1336,41638.05,1
6,5,1319,5786.549999999999,1
4,6,1312,4326.549999999999,1
7,6,1339,21501.100000000002,1
8,7,1335,5446.1,1
5,15,1322,2030.8500000000001,1
9,15,1336,27872.7,1
1,18,1334,14066.400000000001,1
4,18,1330,33875.65,1
10,18,1322,31234.4,1
4,22,1315,3754.0499999999997,1
9,22,1332,38701.950000000004,1
5,23,1331,14608.35,1
10,23,1337,46671.8,1
1,24,1338,5423.5,1
6,24,1328,5175.900000000001,1
10,24,1312,74120.75,1
5,27,1329,2935.4500000000003,1
9,31,1312,40464.7,1
1,33,1312,18993.5,1
7,34,1329,12639.449999999999,1
2,37,1318,11673.599999999999,1
6,37,1338,12530.0,1
5,38,1315,1012.5,1
8,38,1325,5157.200000000001,1
3,39,1337,2276.3999999999996,1
8,42,1324,8573.150000000001,1
9,42,1316,30397.95,1
1,43,1322,5697.4,1
6,43,1328,17691.05,1
10,43,1320,62276.549999999996,1
6,49,1338,9858.95,1
5,53,1321,2043.3500000000001,1
1,59,1323,5270.900000000001,1
1,65,1334,22173.35,1
3,67,1321,2151.5,1
9,68,1324,32851.75,1
8,69,1323,25169.8,1
10,69,1331,68079.0,1
8,71,1311,9058.35,1
3,73,1336,10046.35,1
10,74,1316,37134.299999999996,1
1,79,1316,25315.149999999998,1
5,79,1323,3350.4500000000003,1
7,81,1320,8678.7,1
2,83,1309,6280.549999999999,1
8,85,1322,12459.300000000001,1
9,87,1324,38118.7,1
1,93,1319,8450.35,1
4,93,1322,4859.8,1
10,93,1316,42096.65,1
2,98,1321,10543.050000000001,1
8,98,1318,6151.900000000001,1
2,100,1313,23589.55,1
10,100,1317,32264.25,1
1,101,1311,37021.4,1
1,106,1327,48959.5,1
9,107,1319,32650.4,1
2,114,1338,9431.849999999999,1
8,115,1317,54074.5,1
3,116,1334,3619.95,1
7,116,1328,22770.65,1
1,118,1311,7270.75,1
1,125,1339,21950.5,1
4,125,1316,2626.2,1
4,127,1338,6966.2,1
3,130,1334,1301.75,1
5,142,1327,11817.550000000001,1
9,142,1310,35134.6,1
7,143,1327,33579.05,1
7,146,1319,17295.3,1
5,150,1324,528.35,1
8,156,1314,34593.649999999994,1
4,161,1330,8545.9,1
9,162,1309,59863.6,1
1,167,1311,27253.3,1
9,167,1335,28907.399999999998,1
7,168,1318,5364.650000000001,1
10,168,1331,50356.049999999996,1
7,170,1335,19012.05,1
9,170,1336,33390.6,1
1,173,1330,24147.1,1
9,174,1311,50667.15,1
3,185,1317,4011.05,1
1,188,1335,6573.5,1
4,188,1324,33201.45,1
9,188,1322,31539.8,1
2,190,1330,7937.75,1
10,190,1335,34155.9,1
1,191,1311,30440.050000000003,1
9,193,1331,30689.899999999998,1
5,202,1313,2551.0499999999997,1
7,202,1313,28747.05,1
10,202,1325,239532.15,1
4,204,1317,2948.0,1
9,204,1330,29731.45,1
1,206,1339,17170.65,1
9,206,1323,44569.0,1
10,207,1314,110507.2,1
4,210,1316,4509.049999999999,1
5,1,1363,47109.25,1
4,4,1349,7728.5,1
7,4,1347,12760.699999999999,1
10,4,1352,40651.3,1
6,5,1353,22663.95,1
5,6,1362,14552.75,1
7,6,1366,9012.75,1
8,7,1348,10025.1,1
1,8,1353,48672.15,1
8,8,1363,5338.8,1
2,9,1349,16232.5,1
4,15,1352,1782.8,1
10,15,1363,35108.45,1
7,20,1364,11867.85,1
9,20,1354,76491.15,1
2,24,1344,26277.75,1
6,24,1365,6758.6,1
10,24,1345,26295.0,1
3,27,1353,795.45,1
1,28,1361,6409.0,1
2,30,1364,33939.450000000004,1
7,30,1368,9744.7,1
9,30,1364,33166.9,1
10,31,1369,30948.800000000003,1
8,34,1347,6530.8,1
5,36,1363,7600.599999999999,1
10,36,1359,38508.8,1
1,37,1342,7435.1,1
8,37,1368,7591.15,1
5,39,1351,7995.85,1
7,42,1358,5568.200000000001,1
9,42,1347,35712.1,1
4,44,1356,12132.6,1
6,45,1350,16071.15,1
2,46,1341,43264.15,1
1,51,1352,7594.85,1
5,51,1350,7047.75,1
6,51,1340,38761.5,1
10,52,1353,41514.25,1
10,54,1362,45127.700000000004,1
2,57,1341,8108.35,1
6,57,1362,9994.400000000001,1
2,59,1340,5031.6,1
5,62,1351,1103.55,1
8,63,1351,9333.099999999999,1
9,63,1363,36476.25,1
6,69,1356,39768.649999999994,1
10,69,1340,25774.0,1
8,70,1365,6999.099999999999,1
2,77,1355,17731.4,1
7,77,1362,11758.75,1
10,77,1369,49352.799999999996,1
1,79,1367,9050.5,1
3,79,1363,6044.400000000001,1
7,85,1355,13378.050000000001,1
2,86,1357,27495.4,1
3,86,1369,510.25,1
9,87,1367,100682.54999999999,1
4,88,1365,2717.75,1
8,88,1343,15473.900000000001,1
1,93,1351,22395.55,1
4,93,1354,850.1,1
10,93,1357,96595.59999999999,1
3,94,1362,5406.799999999999,1
1,100,1368,13742.9,1
9,100,1363,33337.45,1
1,106,1360,6512.35,1
10,107,1345,34862.399999999994,1
3,109,1349,3048.2,1
2,113,1358,15245.0,1
4,127,1350,15772.349999999999,1
2,129,1367,5099.3,1
7,131,1358,11605.150000000001,1
6,133,1358,9899.15,1
9,137,1357,25666.75,1
9,138,1365,68946.04999999999,1
2,139,1357,5147.3,1
5,141,1354,38265.45,1
8,141,1368,7266.25,1
10,141,1367,35143.35,1
4,142,1343,4150.8,1
9,142,1340,77279.15,1
6,143,1365,6944.55,1
7,144,1346,9035.9,1
9,145,1342,62419.399999999994,1
8,147,1368,10995.699999999999,1
9,147,1367,148152.65,1
6,156,1345,9842.55,1
7,160,1342,8876.55,1
3,161,1343,29687.15,1
10,162,1350,40434.75,1
10,166,1368,50318.25,1
2,167,1366,11456.949999999999,1
10,167,1350,26458.25,1
6,168,1347,6701.1,1
10,168,1361,60909.049999999996,1
2,173,1345,11113.85,1
9,174,1351,27516.05,1
2,176,1359,14505.75,1
2,177,1349,5766.950000000001,1
10,177,1359,30612.7,1
6,178,1356,5388.95,1
10,178,1351,60885.15,1
1,179,1353,28229.6,1
9,182,1344,41371.7,1
5,183,1345,604.25,1
2,188,1349,30706.399999999998,1
3,188,1367,5624.85,1
10,188,1353,26313.4,1
1,190,1345,12689.849999999999,1
10,190,1341,124919.75,1
2,191,1364,10085.1,1
7,192,1367,13313.35,1
9,193,1340,27202.649999999998,1
1,198,1367,11049.15,1
5,204,1348,5509.15,1
9,204,1351,36873.7,1
10,207,1340,108730.9,1
2,208,1347,111793.85,1
3,210,1358,763.7,1
4,1,1383,11006.099999999999,1
3,4,1386,10985.8,1
6,4,1376,15740.599999999999,1
10,4,1397,34097.45,1
5,6,1383,3489.5499999999997,1
6,6,1372,6686.7,1
5,15,1396,8550.449999999999,1
10,15,1373,42123.549999999996,1
7,20,1384,36971.05,1
9,20,1373,27849.75,1
3,22,1393,3690.05,1
10,22,1398,44183.6,1
4,27,1388,781.75,1
2,28,1378,12858.599999999999,1
2,30,1395,6582.95,1
8,30,1399,6523.6,1
10,30,1378,106312.2,1
10,31,1398,48408.450000000004,1
1,33,1374,6251.3,1
7,34,1371,6167.7,1
4,36,1375,2075.8,1
9,36,1384,39132.65,1
3,38,1397,7099.099999999999,1
7,38,1370,10345.85,1
7,41,1383,15467.2,1
9,41,1378,74045.6,1
2,43,1384,7576.15,1
6,43,1371,7659.85,1
10,43,1378,27270.8,1
3,44,1400,1194.0,1
9,52,1373,27918.05,1
1,57,1376,36698.850000000006,1
8,57,1391,5843.65,1
3,62,1400,6424.75,1
1,65,1388,9347.45,1
4,67,1396,6409.15,1
9,68,1375,32831.1,1
8,70,1375,15785.2,1
6,71,1370,18220.75,1
7,75,1379,6004.650000000001,1
2,83,1383,12976.7,1
10,87,1389,38186.350000000006,1
3,88,1382,629.75,1
8,88,1398,9408.099999999999,1
2,93,1376,10333.599999999999,1
3,93,1377,8576.5,1
10,93,1377,41050.45,1
1,98,1376,20264.15,1
6,98,1398,5472.9,1
1,101,1377,15333.5,1
2,106,1386,5726.950000000001,1
10,107,1390,51234.350000000006,1
3,110,1391,10421.65,1
2,118,1392,14342.85,1
9,120,1370,48357.65,1
6,121,1386,10996.6,1
6,124,1399,27743.649999999998,1
8,128,1374,10621.400000000001,1
7,133,1383,8015.75,1
3,135,1379,5275.4,1
9,137,1374,29356.550000000003,1
10,138,1396,38021.950000000004,1
3,141,1391,4923.7,1
8,141,1373,5239.5,1
9,141,1397,44177.0,1
3,142,1371,1562.75,1
9,142,1387,61427.399999999994,1
6,143,1378,26430.9,1
8,146,1382,15996.15,1
4,150,1399,2919.0,1
7,156,1376,12092.650000000001,1
7,160,1389,25324.699999999997,1
9,162,1377,28903.35,1
9,165,1399,71077.9,1
2,167,1392,22027.9,1
9,167,1399,28427.3,1
6,168,1372,7928.7,1
9,168,1391,31420.65,1
1,173,1388,7794.55,1
10,174,1391,49725.9,1
7,178,1378,8258.25,1
9,178,1379,34114.05,1
2,179,1386,8559.95,1
9,182,1373,25856.7,1
4,183,1372,8497.15,1
2,186,1399,5499.400000000001,1
4,186,1394,2331.85,1
2,188,1395,18515.3,1
3,188,1388,4019.1000000000004,1
9,188,1383,40298.55,1
2,198,1390,19717.75,1
3,202,1385,4935.05,1
6,202,1373,13532.2,1
10,202,1381,38033.0,1
4,204,1393,12599.0,1
9,204,1374,39250.5,1
1,206,1379,8285.1,1
9,206,1376,90282.65,1
10,207,1381,437242.45,1
4,1,1411,5426.849999999999,1
5,4,1404,10475.599999999999,1
8,4,1411,31788.850000000002,1
10,4,1407,59964.799999999996,1
8,5,1406,9059.0,1
7,7,1405,17424.3,1
1,8,1402,5303.95,1
6,8,1426,5849.349999999999,1
1,9,1414,9633.150000000001,1
5,22,1426,615.4,1
10,22,1406,60545.649999999994,1
3,23,1430,10027.15,1
9,23,1412,25660.050000000003,1
5,27,1423,11673.050000000001,1
9,31,1413,78756.40000000001,1
8,34,1401,6608.0,1
10,35,1429,575459.35,1
1,37,1416,12201.900000000001,1
6,37,1415,6448.6,1
4,38,1402,20208.75,1
8,38,1407,8418.6,1
8,42,1404,13083.599999999999,1
9,42,1429,83006.84999999999,1
1,43,1413,10210.650000000001,1
8,43,1413,13132.8,1
10,43,1402,169269.3,1
5,44,1403,9587.75,1
6,45,1404,6726.549999999999,1
2,46,1406,19594.3,1
1,51,1407,21361.199999999997,1
3,51,1408,7423.150000000001,1
8,51,1402,8086.950000000001,1
4,53,1413,878.5500000000001,1
9,54,1404,25959.8,1
5,67,1409,22457.449999999997,1
10,68,1415,29818.800000000003,1
6,70,1430,12572.95,1
9,74,1422,25792.15,1
2,86,1418,29613.850000000002,1
4,86,1424,5734.15,1
9,87,1429,27145.75,1
3,88,1412,2350.65,1
8,88,1403,11960.550000000001,1
3,91,1413,805.6999999999999,1
6,91,1429,20311.0,1
1,93,1406,36173.5,1
5,93,1404,16845.8,1
10,93,1410,46613.7,1
4,94,1423,1806.9,1
2,98,1418,61815.649999999994,1
8,98,1407,7131.75,1
1,100,1406,6935.950000000001,1
9,100,1402,35877.05,1
2,106,1414,5145.950000000001,1
5,116,1411,4676.9,1
7,116,1427,5447.3,1
9,120,1401,58666.3,1
9,122,1404,28202.550000000003,1
7,124,1410,5623.95,1
6,128,1408,7402.9,1
4,135,1401,1314.1499999999999,1
10,138,1413,64735.15,1
2,139,1407,17424.0,1
7,143,1401,6317.05,1
7,144,1411,5607.3,1
9,145,1408,95162.0,1
8,146,1415,7402.25,1
7,147,1408,70173.95000000001,1
9,147,1408,228877.59999999998,1
10,151,1413,27848.15,1
4,152,1409,15351.800000000001,1
7,156,1430,7429.450000000001,1
8,160,1404,7915.900000000001,1
3,161,1404,4763.8,1
7,168,1413,13774.949999999999,1
9,168,1430,101982.0,1
1,173,1420,6561.45,1
8,178,1430,7994.5,1
10,178,1426,34687.1,1
1,180,1410,5025.9,1
2,181,1428,12290.699999999999,1
5,185,1427,4092.75,1
2,186,1402,18141.55,1
5,186,1427,3920.65,1
1,188,1425,11943.800000000001,1
3,188,1419,17774.9,1
10,188,1426,163627.80000000002,1
1,195,1424,6168.7,1
2,198,1422,7163.5,1
10,199,1412,36749.35,1
4,204,1416,38820.85,1
9,204,1420,107853.25,1
2,206,1409,7089.5,1
10,206,1414,54246.149999999994,1
9,207,1404,29052.350000000002,1
1,208,1411,27009.850000000002,1
3,209,1413,1731.3999999999999,1
5,4,1442,11827.75,1
8,4,1443,6036.15,1
9,4,1455,26491.199999999997,1
8,5,1445,55324.95,1
6,7,1444,17836.4,1
2,9,1452,8382.2,1
3,15,1454,2021.2,1
9,15,1437,29695.35,1
8,20,1439,15315.3,1
9,20,1437,86746.7,1
5,22,1431,8322.949999999999,1
10,22,1449,26980.5,1
5,23,1439,18665.7,1
10,23,1437,37978.649999999994,1
2,24,1435,21906.05,1
6,24,1439,6941.1,1
9,24,1457,27953.0,1
2,30,1454,14935.699999999999,1
6,30,1446,10459.8,1
10,30,1455,69642.5,1
1,37,1457,5948.7,1
6,37,1436,10091.6,1
4,38,1441,4270.8,1
8,38,1444,10240.25,1
6,49,1454,47570.950000000004,1
10,52,1451,98698.2,1
1,59,1461,6172.150000000001,1
5,67,1456,2122.55,1
10,68,1447,45718.9,1
6,69,1436,58028.549999999996,1
10,69,1441,30721.0,1
7,71,1459,16458.3,1
4,73,1461,8664.199999999999,1
9,74,1433,33002.0,1
2,79,1445,15745.0,1
5,79,1446,24767.5,1
1,83,1454,5930.299999999999,1
2,86,1433,7334.400000000001,1
3,86,1449,9298.55,1
10,87,1451,35262.25,1
3,88,1453,1506.6,1
7,88,1447,16777.149999999998,1
3,91,1431,4371.1,1
6,91,1437,7710.549999999999,1
2,93,1445,5802.75,1
5,93,1444,1483.55,1
9,93,1436,108732.45000000001,1
2,98,1433,12161.199999999999,1
6,98,1442,10600.0,1
2,100,1449,18467.3,1
9,100,1439,43024.350000000006,1
1,106,1448,7864.700000000001,1
10,107,1455,67700.1,1
5,110,1454,2310.0,1
1,113,1457,5873.55,1
3,116,1442,18729.8,1
6,116,1446,18473.699999999997,1
1,118,1440,6738.35,1
10,120,1445,151436.9,1
6,121,1434,96073.3,1
9,122,1446,31427.5,1
7,131,1431,7444.349999999999,1
2,139,1446,11789.25,1
9,145,1445,45635.9,1
6,146,1431,12298.599999999999,1
9,151,1461,49178.6,1
1,167,1452,7632.3,1
10,167,1446,56017.15,1
6,168,1458,18448.5,1
10,168,1460,242764.5,1
8,170,1456,5621.45,1
9,170,1437,73350.20000000001,1
1,172,1452,7634.25,1
2,173,1443,8303.150000000001,1
7,178,1448,12155.0,1
9,178,1454,61162.5,1
2,179,1450,5740.950000000001,1
2,180,1450,29782.800000000003,1
1,181,1457,7836.549999999999,1
2,188,1434,10390.0,1
4,188,1436,1884.5,1
10,188,1453,28701.9,1
1,190,1454,44167.85,1
9,190,1447,154403.0,1
2,195,1436,66279.25,1
2,208,1441,5672.05,1
3,1,1465,3757.4,1
3,4,1490,17260.95,1
8,4,1472,12973.800000000001,1
10,4,1490,57346.8,1
8,5,1471,5537.5,1
2,8,1492,8734.550000000001,1
6,8,1480,5303.8,1
2,9,1472,7715.349999999999,1
7,14,1473,5601.5,1
9,14,1470,26175.100000000002,1
5,15,1472,66510.6,1
9,15,1492,73304.7,1
1,18,1463,9871.5,1
3,18,1466,2182.05,1
9,18,1484,93259.0,1
4,27,1485,42913.549999999996,1
1,28,1491,15411.949999999999,1
10,31,1479,26206.45,1
10,35,1479,109850.8,1
1,37,1480,19835.050000000003,1
6,37,1462,23380.55,1
4,38,1479,2824.9,1
7,38,1474,13023.95,1
6,41,1489,20717.75,1
10,41,1487,82824.0,1
3,44,1481,4462.45,1
2,51,1486,12098.55,1
5,51,1482,157854.75,1
7,51,1471,13172.7,1
3,53,1468,15366.6,1
1,59,1462,13351.6,1
8,63,1471,27462.399999999998,1
10,63,1467,35077.0,1
1,65,1475,6305.2,1
5,66,1491,4718.349999999999,1
8,66,1479,8109.049999999999,1
10,66,1485,29752.199999999997,1
6,71,1484,6901.75,1
10,74,1469,38561.0,1
7,75,1464,5596.05,1
2,77,1466,17564.4,1
7,77,1484,27914.35,1
9,77,1465,32801.65,1
1,86,1464,79805.65,1
5,86,1473,860.0,1
5,88,1489,7404.25,1
7,88,1486,6542.1,1
2,93,1471,7646.0,1
4,93,1487,787.25,1
10,93,1484,41139.75,1
2,98,1486,9438.2,1
6,98,1487,8611.95,1
1,100,1466,13503.95,1
10,100,1467,65471.3,1
2,106,1480,9215.55,1
9,107,1475,73378.05,1
3,109,1478,4959.4,1
5,110,1467,6773.65,1
2,113,1474,9696.5,1
1,114,1474,7786.3,1
8,115,1476,6594.85,1
3,116,1478,33742.55,1
6,116,1468,21116.0,1
9,120,1469,54378.5,1
9,122,1466,31065.75,1
7,124,1465,7333.6,1
2,125,1479,11924.75,1
4,125,1467,1629.1999999999998,1
5,127,1474,17885.350000000002,1
4,130,1485,3346.9,1
4,135,1470,688.25,1
10,137,1471,26795.050000000003,1
7,143,1463,9543.65,1
10,145,1462,32215.8,1
7,146,1474,28424.2,1
4,152,1487,3916.65,1
8,156,1474,13181.55,1
5,161,1462,2207.75,1
10,162,1467,68361.15,1
3,164,1487,1566.15,1
10,166,1465,55350.55,1
8,168,1474,10372.449999999999,1
9,168,1486,36616.3,1
8,170,1478,14275.550000000001,1
10,170,1482,29861.65,1
2,172,1477,53277.75,1
1,177,1465,7884.75,1
10,177,1480,28876.05,1
7,178,1462,7516.3,1
10,178,1486,48909.049999999996,1
9,182,1477,133519.5,1
4,183,1485,6532.65,1
2,188,1469,7123.200000000001,1
3,188,1491,24432.199999999997,1
9,188,1468,60734.3,1
2,190,1469,34068.6,1
9,190,1468,41085.15,1
7,192,1486,7511.2,1
1,195,1467,7700.15,1
10,199,1469,65408.450000000004,1
4,202,1480,26099.45,1
8,202,1479,13345.95,1
10,202,1470,32684.6,1
10,203,1466,25281.75,1
2,206,1471,15069.849999999999,1
10,206,1480,60440.950000000004,1
9,207,1464,32380.5,1
1,208,1470,11713.55,1
4,210,1471,8676.15,1
4,1,1497,2698.15,1
7,7,1493,6621.599999999999,1
1,8,1521,64532.95,1
7,8,1509,6468.7,1
2,9,1508,5791.25,1
1,18,1510,10422.15,1
4,18,1501,4775.400000000001,1
10,18,1505,33676.9,1
3,23,1503,2876.0,1
9,23,1507,30337.1,1
3,27,1513,6965.700000000001,1
2,28,1514,9312.9,1
9,31,1501,39454.7,1
1,33,1495,9630.55,1
6,34,1495,7794.099999999999,1
9,35,1495,176864.05,1
3,36,1500,9138.75,1
10,36,1516,44638.149999999994,1
5,38,1508,13794.65,1
8,38,1505,5647.45,1
2,46,1520,39735.45,1
5,62,1497,1935.1,1
8,63,1497,11816.5,1
10,63,1495,68249.25,1
3,67,1511,37014.55,1
9,74,1517,36457.600000000006,1
6,75,1521,17769.6,1
2,79,1515,10944.55,1
3,79,1509,9359.8,1
6,81,1516,5378.450000000001,1
8,85,1498,6464.5,1
2,86,1498,15137.0,1
5,86,1495,4470.299999999999,1
9,87,1499,35055.25,1
3,88,1501,1409.7,1
6,88,1493,11206.05,1
1,93,1512,29865.9,1
4,93,1508,2474.45,1
10,93,1498,44349.1,1
1,98,1500,34399.65,1
6,98,1497,10408.150000000001,1
4,109,1493,984.9,1
2,113,1498,13999.949999999999,1
1,114,1519,16090.050000000001,1
6,115,1496,11366.75,1
3,116,1494,7444.8,1
8,116,1505,11665.4,1
6,121,1516,5856.05,1
9,122,1511,218322.5,1
2,125,1498,87246.75,1
4,125,1506,10628.65,1
7,131,1507,7212.849999999999,1
7,133,1502,9175.95,1
4,142,1513,1536.35,1
9,142,1513,25006.350000000002,1
9,145,1521,116654.45,1
8,147,1494,9584.95,1
10,147,1499,65569.6,1
5,150,1500,4199.2,1
4,152,1505,24878.95,1
8,156,1504,14473.55,1
4,161,1503,1873.85,1
1,167,1521,13028.55,1
10,167,1506,27109.65,1
7,168,1519,9446.15,1
10,168,1511,147879.9,1
8,170,1521,23982.399999999998,1
10,170,1497,29428.1,1
2,172,1515,5299.75,1
2,173,1496,6814.700000000001,1
9,174,1497,62932.95,1
1,176,1514,10255.550000000001,1
2,177,1495,9603.2,1
10,177,1495,43625.299999999996,1
8,178,1507,9405.9,1
10,178,1495,76726.15,1
2,179,1514,82041.0,1
10,182,1514,25440.25,1
5,183,1498,3475.7999999999997,1
5,185,1518,1625.3,1
2,188,1497,8454.349999999999,1
3,188,1501,3321.8,1
9,188,1504,48839.15,1
1,190,1515,42261.450000000004,1
9,190,1501,44646.899999999994,1
1,191,1494,18001.0,1
7,192,1521,7289.9,1
9,199,1511,171043.75,1
9,203,1494,33191.950000000004,1
4,204,1509,1200.5,1
10,204,1520,177666.45,1
4,209,1519,6267.35,1
4,4,1530,1013.9499999999999,1
6,4,1551,10808.65,1
10,4,1530,91652.4,1
6,5,1534,10155.599999999999,1
2,8,1529,32925.45,1
6,8,1544,59028.05,1
5,15,1548,5706.35,1
9,15,1522,30004.75,1
5,27,1541,11754.6,1
9,31,1548,36901.25,1
6,34,1549,16114.9,1
5,36,1532,4942.15,1
9,36,1523,34287.65,1
1,37,1533,10748.35,1
7,37,1552,6796.2,1
3,38,1523,16739.45,1
7,38,1531,6462.45,1
7,41,1525,6195.900000000001,1
10,41,1534,67864.75,1
6,49,1549,17362.7,1
9,52,1537,74747.8,1
4,53,1543,4122.4,1
4,62,1524,19884.85,1
7,63,1533,14730.050000000001,1
10,63,1543,25608.1,1
2,65,1542,11805.8,1
4,66,1531,7559.8,1
7,66,1527,102432.4,1
9,66,1538,82858.79999999999,1
5,67,1530,29504.899999999998,1
7,69,1527,15600.95,1
9,69,1533,41869.899999999994,1
5,73,1528,1998.25,1
1,77,1547,34764.75,1
6,77,1528,5903.95,1
9,77,1546,50324.0,1
1,79,1548,11966.400000000001,1
3,79,1522,2299.6,1
8,85,1543,7801.25,1
2,86,1539,8478.85,1
4,86,1541,2960.25,1
10,87,1540,64234.65,1
4,88,1543,10530.2,1
6,88,1528,14434.55,1
4,91,1550,1834.05,1
8,91,1523,12736.25,1
5,94,1528,2499.8500000000004,1
2,100,1524,6777.3,1
10,100,1531,38807.0,1
1,101,1551,6150.4,1
10,107,1547,95640.55,1
3,109,1551,8014.55,1
2,113,1529,6144.049999999999,1
8,115,1546,11072.85,1
10,120,1529,61556.149999999994,1
7,121,1540,5346.65,1
9,122,1536,32503.649999999998,1
7,124,1527,5964.049999999999,1
4,126,1542,8403.300000000001,1
1,129,1528,6641.549999999999,1
5,130,1544,1035.3,1
9,137,1522,62855.950000000004,1
9,138,1541,46249.899999999994,1
7,144,1525,18828.05,1
9,145,1535,54217.600000000006,1
6,146,1541,6571.5,1
6,147,1542,5257.150000000001,1
9,147,1530,31966.6,1
3,150,1540,567.05,1
9,151,1536,26074.050000000003,1
3,152,1550,9311.0,1
7,156,1527,13356.15,1
8,160,1523,6946.7,1
5,161,1541,4295.849999999999,1
4,164,1529,1545.6999999999998,1
10,165,1522,89741.75,1
9,166,1527,27866.550000000003,1
2,167,1541,9218.4,1
9,167,1552,41141.75,1
7,168,1531,24634.55,1
10,168,1529,38392.0,1
7,170,1535,48839.6,1
9,170,1536,38283.8,1
2,173,1528,11076.65,1
1,176,1523,9349.0,1
1,190,1522,7615.299999999999,1
9,190,1522,29423.850000000002,1
2,191,1530,9561.3,1
10,193,1531,25504.35,1
1,195,1539,5499.85,1
9,199,1526,44418.0,1
1,208,1548,7080.15,1
3,209,1546,18340.350000000002,1
4,1,1578,22696.399999999998,1
8,5,1579,7637.799999999999,1
2,9,1565,5432.5,1
7,14,1577,18125.3,1
9,14,1577,138698.7,1
5,15,1554,883.65,1
10,15,1576,56388.35,1
1,18,1575,20564.5,1
5,18,1564,2728.2,1
10,18,1562,163021.55000000002,1
6,20,1555,6577.799999999999,1
10,20,1570,59226.6,1
2,28,1573,23560.100000000002,1
2,33,1563,22968.2,1
5,38,1580,7254.75,1
7,38,1580,20209.85,1
5,39,1554,794.95,1
8,42,1582,10149.05,1
10,42,1576,84606.55,1
7,45,1579,15234.300000000001,1
1,46,1582,5890.700000000001,1
7,49,1565,8695.25,1
2,51,1571,20177.850000000002,1
4,51,1554,11322.0,1
8,51,1565,7708.65,1
10,54,1567,63245.55,1
1,57,1572,9090.55,1
8,57,1582,12308.5,1
3,62,1582,743.0,1
1,65,1574,9170.1,1
5,67,1555,19232.65,1
8,71,1557,12327.349999999999,1
3,73,1578,4578.6,1
10,74,1572,45035.25,1
6,75,1579,18676.45,1
1,83,1556,36987.25,1
2,86,1554,73329.25,1
3,86,1557,4366.7,1
3,88,1561,978.4000000000001,1
6,88,1580,6413.400000000001,1
1,93,1563,28681.75,1
5,93,1563,10973.150000000001,1
10,93,1579,197080.25,1
4,94,1554,4630.5,1
2,101,1576,11723.85,1
2,106,1572,6657.55,1
4,109,1579,2765.65,1
8,115,1559,6613.450000000001,1
3,116,1573,942.55,1
6,116,1568,12165.25,1
9,120,1569,123195.40000000001,1
6,121,1565,23310.300000000003,1
9,122,1579,436391.0,1
2,125,1556,36887.3,1
5,125,1558,7113.3,1
5,130,1567,3597.6,1
8,133,1560,9111.8,1
5,135,1562,1768.55,1
9,137,1571,31717.649999999998,1
10,138,1554,61854.3,1
2,139,1573,24220.6,1
8,144,1562,6031.3,1
7,146,1577,5911.549999999999,1
9,151,1576,65188.549999999996,1
5,152,1563,2883.2,1
8,156,1553,5000.6,1
8,160,1582,5214.15,1
4,161,1554,8069.400000000001,1
9,165,1565,37503.5,1
10,166,1576,98598.15000000001,1
1,167,1554,10431.800000000001,1
10,167,1569,55583.9,1
1,172,1577,9508.8,1
2,179,1553,11961.5,1
2,180,1562,18753.800000000003,1
1,181,1568,5671.3,1
10,182,1577,75085.75,1
5,183,1554,3029.0,1
2,190,1560,30953.95,1
10,190,1562,84790.15,1
6,192,1574,46883.4,1
2,195,1560,89749.5,1
2,198,1568,7342.45,1
9,203,1577,35815.5,1
1,206,1575,16068.199999999999,1
10,206,1563,37183.7,1
9,207,1581,27569.3,1
2,208,1573,5090.849999999999,1
5,209,1554,5767.05,1
3,210,1582,5810.85,1
5,1,1588,20423.75,1
4,4,1585,2401.8,1
6,4,1590,15011.0,1
9,4,1588,131588.1,1
1,8,1602,5241.3,1
7,8,1587,9311.6,1
3,15,1600,13389.75,1
10,15,1609,44836.149999999994,1
4,22,1589,727.95,1
9,22,1586,66364.1,1
1,24,1584,28686.9,1
8,24,1593,11473.3,1
9,24,1586,32441.45,1
5,27,1605,4974.45,1
2,30,1583,18159.45,1
7,30,1594,17498.15,1
9,30,1600,55520.600000000006,1
1,33,1591,6001.599999999999,1
9,35,1603,37579.299999999996,1
4,38,1602,3955.3500000000004,1
6,38,1586,6622.200000000001,1
4,39,1606,15915.150000000001,1
8,41,1585,9501.2,1
10,41,1603,34688.45,1
6,42,1587,11674.05,1
10,42,1586,25605.55,1
5,44,1608,2786.2,1
8,45,1600,22999.5,1
2,51,1603,7546.849999999999,1
5,51,1598,1155.15,1
8,51,1601,5496.4,1
10,52,1602,82137.29999999999,1
9,54,1592,47491.350000000006,1
2,57,1584,5425.85,1
7,57,1591,18334.5,1
2,59,1594,7707.4,1
2,65,1607,28360.25,1
5,66,1602,2719.1000000000004,1
8,66,1611,20607.350000000002,1
9,66,1598,53432.95,1
5,67,1607,9057.65,1
10,68,1589,37174.0,1
7,70,1587,21043.3,1
6,71,1587,5083.25,1
3,73,1593,10571.0,1
6,75,1605,9402.0,1
1,77,1605,5304.75,1
7,77,1591,10130.800000000001,1
10,77,1585,78578.7,1
1,79,1603,10032.050000000001,1
4,79,1605,6238.400000000001,1
7,85,1613,7483.3,1
2,86,1584,18598.25,1
5,86,1586,6425.75,1
5,91,1588,7236.05,1
7,91,1594,5209.349999999999,1
2,93,1591,8933.099999999999,1
4,93,1602,2409.7999999999997,1
9,93,1601,39228.649999999994,1
1,100,1600,56630.649999999994,1
10,100,1604,41813.75,1
2,101,1587,35020.0,1
4,109,1612,3185.1,1
2,114,1602,5296.549999999999,1
8,121,1586,10443.4,1
1,125,1592,103476.29999999999,1
4,125,1586,3801.05,1
1,129,1583,12062.75,1
7,131,1597,5123.400000000001,1
5,135,1587,26068.5,1
5,141,1602,5752.25,1
6,141,1600,5284.099999999999,1
10,141,1591,107881.20000000001,1
7,143,1604,6958.95,1
7,144,1584,8525.0,1
8,146,1610,6014.700000000001,1
7,147,1593,16243.5,1
10,147,1595,30464.15,1
6,156,1608,6423.150000000001,1
10,166,1586,47019.3,1
2,167,1611,7013.35,1
10,167,1583,25458.25,1
2,172,1591,6385.05,1
1,173,1613,28095.8,1
1,176,1612,16505.65,1
2,177,1593,8455.55,1
9,177,1600,94789.40000000001,1
2,179,1587,6920.349999999999,1
1,181,1603,23855.8,1
4,183,1610,593.65,1
3,185,1597,3698.8999999999996,1
2,186,1596,6081.1,1
3,186,1607,34528.9,1
2,190,1585,35400.2,1
10,190,1584,72096.3,1
1,191,1586,25108.3,1
6,192,1608,7933.0,1
1,195,1588,5405.45,1
1,198,1590,33947.7,1
10,199,1613,45998.649999999994,1
9,203,1586,113066.4,1
4,204,1605,6027.65,1
9,204,1596,36393.6,1
9,207,1593,52223.100000000006,1
5,4,1616,5333.5,1
8,4,1634,19111.15,1
10,4,1620,30186.45,1
7,5,1639,12952.0,1
5,6,1643,4728.15,1
6,6,1616,48040.25,1
1,9,1615,26694.65,1
7,14,1631,9069.0,1
9,14,1623,25681.300000000003,1
5,15,1618,5705.75,1
9,15,1622,101736.7,1
2,18,1639,26187.649999999998,1
4,18,1635,3856.5,1
9,18,1642,26892.350000000002,1
6,20,1639,120582.0,1
9,20,1640,57904.799999999996,1
4,22,1618,933.85,1
10,22,1635,42161.3,1
4,23,1630,1802.8999999999999,1
9,23,1643,39152.55,1
3,27,1625,1873.1,1
9,31,1616,80720.0,1
2,33,1641,7203.400000000001,1
8,34,1629,16576.25,1
2,37,1625,10182.15,1
7,37,1639,10189.550000000001,1
5,38,1632,15841.400000000001,1
8,38,1632,17691.25,1
5,39,1617,6223.25,1
8,42,1633,6311.799999999999,1
9,42,1618,33022.5,1
8,45,1625,18286.65,1
1,46,1620,5541.35,1
8,49,1641,20919.949999999997,1
2,51,1623,5172.799999999999,1
5,51,1636,5855.549999999999,1
8,51,1626,27672.95,1
5,53,1641,5227.6,1
10,54,1632,70173.75,1
2,57,1625,13683.5,1
7,57,1635,11722.3,1
6,63,1621,29955.949999999997,1
9,63,1635,65344.75,1
4,66,1636,2925.5,1
6,66,1615,22014.25,1
10,66,1632,388671.25,1
4,67,1633,2588.75,1
10,74,1626,34326.3,1
2,79,1641,9612.5,1
4,79,1614,10702.95,1
5,88,1630,21750.4,1
6,88,1629,8631.8,1
5,94,1618,10963.4,1
1,101,1637,22948.4,1
3,110,1631,3473.4500000000003,1
1,118,1626,6882.05,1
9,120,1637,57210.15,1
3,126,1614,8046.15,1
6,128,1641,5055.25,1
6,131,1630,14320.4,1
7,133,1626,12847.5,1
5,135,1624,685.3,1
1,139,1633,14005.5,1
7,143,1630,9650.0,1
7,144,1629,14708.25,1
5,150,1641,935.5,1
4,152,1630,789.9,1
9,162,1629,60516.5,1
9,165,1628,84015.55,1
6,170,1632,5084.1,1
9,170,1616,36685.95,1
1,172,1622,59643.950000000004,1
1,176,1634,16354.6,1
2,181,1624,23764.2,1
4,183,1633,9202.45,1
5,185,1615,5086.45,1
1,186,1633,21302.95,1
3,186,1627,6927.1,1
2,188,1631,10803.0,1
5,188,1625,18334.25,1
9,188,1643,68602.70000000001,1
2,191,1626,44330.75,1
1,195,1618,25165.149999999998,1
9,207,1639,87532.25,1
1,208,1630,7475.5,1
5,1,1655,10340.050000000001,1
4,4,1658,16444.2,1
7,4,1657,6704.049999999999,1
10,4,1652,28041.95,1
6,5,1645,6884.049999999999,1
8,14,1664,5907.150000000001,1
9,14,1668,43202.9,1
3,15,1646,1852.3,1
10,15,1656,39070.549999999996,1
2,18,1661,20199.0,1
4,18,1659,3632.6,1
10,18,1656,45855.5,1
8,20,1646,12638.85,1
9,20,1667,140025.35,1
2,24,1652,12243.900000000001,1
8,24,1664,10640.599999999999,1
9,24,1667,40248.8,1
5,27,1661,15866.849999999999,1
2,28,1648,22203.699999999997,1
1,30,1649,14360.45,1
8,30,1669,9165.9,1
9,30,1671,44943.5,1
10,31,1652,60109.2,1
1,33,1655,7810.45,1
5,36,1674,913.1,1
9,36,1659,53925.100000000006,1
2,37,1644,6878.0,1
6,37,1653,8032.200000000001,1
4,38,1665,3322.1499999999996,1
6,38,1644,5168.35,1
8,42,1674,7790.05,1
10,42,1674,75555.05,1
2,43,1669,21521.550000000003,1
7,43,1656,6096.1,1
10,43,1668,63683.75,1
2,51,1664,12718.65,1
5,51,1658,74810.35,1
8,51,1658,10076.55,1
2,57,1664,12811.300000000001,1
8,57,1649,14334.449999999999,1
4,62,1644,730.65,1
2,65,1664,9585.9,1
9,68,1672,26095.75,1
4,73,1667,16262.75,1
9,74,1666,31306.85,1
7,75,1666,30571.25,1
7,81,1673,12313.95,1
6,85,1660,11272.75,1
2,86,1649,13867.75,1
3,86,1647,4210.5,1
9,87,1667,41350.35,1
4,88,1673,5972.849999999999,1
8,88,1652,5507.05,1
5,91,1646,810.8499999999999,1
6,91,1669,7138.400000000001,1
1,93,1672,7783.25,1
4,93,1663,503.95000000000005,1
9,93,1670,81729.95,1
5,94,1662,11358.800000000001,1
2,98,1668,7558.3,1
8,98,1659,42101.1,1
1,100,1656,7140.25,1
9,100,1655,28367.3,1
2,101,1666,12968.75,1
1,106,1648,6746.5,1
5,109,1669,3036.5,1
5,110,1671,1667.8999999999999,1
2,113,1674,5378.7,1
4,116,1657,2283.6000000000004,1
7,116,1646,20166.05,1
1,118,1670,85631.35,1
7,121,1644,47992.9,1
10,122,1668,34941.0,1
8,124,1669,15787.349999999999,1
4,126,1674,5506.25,1
2,129,1667,15992.349999999999,1
6,131,1671,5971.35,1
8,133,1650,16345.85,1
3,135,1658,9619.6,1
9,137,1659,32249.55,1
2,139,1671,10792.15,1
3,142,1655,786.6500000000001,1
10,142,1646,30921.75,1
6,146,1652,6331.1,1
8,147,1670,11205.9,1
10,147,1671,45807.200000000004,1
7,156,1649,19875.2,1
10,162,1661,35948.200000000004,1
5,164,1649,24657.449999999997,1
9,165,1671,67223.59999999999,1
1,167,1656,8158.5,1
10,167,1659,28165.6,1
8,168,1651,43813.5,1
9,168,1665,45149.0,1
2,172,1657,10054.45,1
2,177,1660,11543.599999999999,1
9,177,1658,50901.450000000004,1
8,178,1669,20833.449999999997,1
10,178,1659,48065.100000000006,1
1,181,1670,22710.300000000003,1
10,182,1646,51210.85,1
3,183,1674,8642.45,1
1,186,1661,16547.9,1
4,186,1644,2978.4500000000003,1
2,191,1657,23757.05,1
2,195,1661,17041.7,1
1,198,1649,8874.9,1
3,209,1663,883.0500000000001,1
4,210,1674,1388.6000000000001,1
6,20,1694,5130.5,1
9,20,1689,48446.899999999994,1
1,24,1698,6208.8,1
6,24,1693,7816.15,1
9,24,1684,246347.75,1
1,28,1682,12547.9,1
10,31,1699,35081.45,1
1,33,1686,6062.05,1
3,36,1676,26527.350000000002,1
10,36,1689,64006.549999999996,1
5,38,1699,12675.150000000001,1
6,38,1682,9989.1,1
8,42,1690,6607.95,1
10,42,1685,48333.7,1
1,43,1699,14292.6,1
6,43,1685,7385.4,1
9,43,1678,60651.5,1
5,44,1704,1057.15,1
4,53,1677,2993.75,1
9,54,1702,172601.30000000002,1
4,62,1693,636.35,1
2,65,1678,21032.5,1
4,66,1675,13056.15,1
8,66,1690,7207.75,1
9,66,1686,29323.95,1
6,69,1694,11511.400000000001,1
9,69,1681,40745.25,1
8,70,1685,6184.450000000001,1
7,71,1702,9074.8,1
3,73,1687,844.75,1
1,77,1680,32996.75,1
8,77,1688,13826.65,1
10,77,1687,40707.7,1
1,83,1677,7578.8,1
7,85,1698,5558.8,1
5,94,1685,6418.5,1
1,98,1703,6201.950000000001,1
8,98,1680,48305.200000000004,1
2,101,1688,12328.45,1
10,107,1701,26010.2,1
4,116,1690,14059.65,1
6,116,1686,14863.5,1
2,118,1691,7342.150000000001,1
6,124,1692,10958.050000000001,1
3,126,1682,3400.85,1
7,128,1703,15703.3,1
2,129,1689,8590.1,1
8,133,1704,6576.950000000001,1
4,135,1700,1726.8000000000002,1
10,138,1678,51694.700000000004,1
5,141,1691,4867.75,1
6,141,1704,14289.400000000001,1
9,141,1700,25797.75,1
8,146,1678,6367.0,1
3,161,1687,6343.200000000001,1
9,165,1675,94601.90000000001,1
9,166,1683,59735.649999999994,1
7,170,1696,18095.050000000003,1
10,170,1696,100154.79999999999,1
2,172,1693,26967.199999999997,1
2,173,1680,11055.699999999999,1
10,174,1703,55618.549999999996,1
2,177,1686,9920.25,1
9,177,1682,57542.9,1
2,179,1675,17445.65,1
1,180,1691,22737.85,1
2,181,1683,16380.050000000001,1
9,182,1703,25072.85,1
6,192,1702,37970.2,1
9,199,1687,26445.949999999997,1
5,202,1675,10839.7,1
8,202,1698,27510.300000000003,1
9,202,1681,37214.899999999994,1
1,206,1700,10295.95,1
9,206,1705,27239.35,1
9,207,1675,40644.0,1
2,208,1693,13627.4,1
5,1,1710,2423.6000000000004,1
6,5,1710,15411.800000000001,1
8,14,1707,21428.899999999998,1
9,14,1735,45744.049999999996,1
7,20,1723,5477.45,1
10,20,1723,39884.95,1
5,27,1723,1770.2,1
7,34,1709,5459.8,1
9,35,1720,25161.75,1
5,36,1726,20815.949999999997,1
9,36,1731,41620.45,1
3,38,1723,13974.7,1
8,38,1723,39760.4,1
8,42,1709,23546.149999999998,1
10,42,1730,34429.450000000004,1
1,51,1719,10602.9,1
3,51,1708,6799.25,1
7,51,1706,9488.55,1
1,57,1708,9002.1,1
7,57,1715,5692.55,1
8,63,1726,5140.8,1
10,63,1734,222309.19999999998,1
2,65,1734,50478.05,1
5,66,1721,2618.65,1
7,66,1729,21813.25,1
9,66,1709,91997.54999999999,1
10,68,1726,46709.899999999994,1
8,69,1728,5426.549999999999,1
10,69,1709,27673.15,1
6,70,1717,17376.199999999997,1
7,71,1733,14474.349999999999,1
4,73,1727,4597.900000000001,1
9,74,1734,29143.649999999998,1
6,75,1725,10150.650000000001,1
2,79,1727,23932.1,1
5,79,1720,10230.2,1
10,87,1719,76008.95000000001,1
2,93,1706,8030.650000000001,1
4,93,1708,3057.8500000000004,1
9,93,1712,28901.75,1
5,94,1727,737.2,1
2,98,1731,11131.949999999999,1
6,98,1732,7192.55,1
1,100,1724,7542.55,1
10,100,1722,33082.0,1
2,101,1709,5249.400000000001,1
1,106,1723,12248.4,1
9,107,1733,47696.6,1
2,113,1719,72666.35,1
10,122,1711,46380.15,1
3,130,1709,5120.0,1
6,133,1722,12529.05,1
3,135,1716,6212.0,1
10,137,1719,28093.649999999998,1
9,138,1715,273389.6,1
2,139,1733,10562.05,1
4,141,1728,3113.65,1
8,141,1722,21898.55,1
9,141,1711,144397.7,1
4,142,1715,4436.75,1
9,142,1714,119179.05,1
7,143,1717,5175.599999999999,1
8,146,1720,6890.1,1
6,147,1709,41455.55,1
10,147,1714,37472.15,1
5,150,1733,569.85,1
10,151,1720,113541.15,1
8,160,1710,8412.55,1
5,164,1713,767.25,1
10,165,1706,25542.199999999997,1
9,166,1711,87649.1,1
1,167,1706,14631.5,1
10,167,1721,37813.7,1
8,168,1711,6876.65,1
10,168,1719,47462.9,1
1,176,1726,7042.5,1
2,177,1720,8963.95,1
9,177,1720,29138.850000000002,1
7,178,1727,11083.55,1
10,178,1728,34433.200000000004,1
9,182,1717,42357.399999999994,1
4,185,1715,11113.35,1
2,190,1723,7252.4,1
9,190,1710,40306.950000000004,1
1,191,1721,25962.449999999997,1
9,193,1734,46909.899999999994,1
9,207,1713,33415.35,1
3,1,1764,2006.85,1
5,4,1736,645.9000000000001,1
8,4,1764,7473.25,1
10,4,1741,55979.5,1
7,5,1753,26897.449999999997,1
3,6,1763,8603.0,1
8,6,1749,5781.15,1
7,7,1766,16442.850000000002,1
6,20,1747,37137.05,1
10,20,1758,29242.0,1
5,23,1765,5543.75,1
9,23,1745,138913.34999999998,1
1,24,1766,20777.649999999998,1
6,24,1760,8339.85,1
9,24,1743,38008.649999999994,1
5,27,1747,13551.949999999999,1
2,30,1738,8932.050000000001,1
8,30,1754,5730.900000000001,1
10,30,1747,33354.299999999996,1
2,33,1752,8864.15,1
3,36,1746,4300.55,1
9,36,1751,64109.799999999996,1
1,37,1741,20245.85,1
6,37,1748,11992.95,1
3,38,1743,7073.35,1
8,38,1763,10018.05,1
2,43,1741,11262.0,1
7,43,1737,11977.349999999999,1
9,43,1764,122016.35,1
1,51,1738,13063.599999999999,1
3,51,1736,14534.849999999999,1
6,51,1750,15589.65,1
10,52,1760,80748.35,1
9,54,1756,30343.4,1
1,57,1736,18438.35,1
8,57,1758,10747.650000000001,1
8,63,1758,11513.75,1
10,63,1746,57732.0,1
1,65,1764,5572.25,1
3,66,1752,3532.2000000000003,1
7,66,1766,15131.15,1
9,66,1736,46997.1,1
10,68,1746,69476.55,1
8,71,1758,8080.650000000001,1
3,73,1746,8161.799999999999,1
2,77,1756,15341.5,1
8,77,1755,7924.6,1
9,77,1745,105609.45,1
7,81,1752,7378.35,1
2,83,1757,15071.45,1
8,85,1757,5091.15,1
1,100,1757,19044.5,1
9,100,1742,34490.9,1
4,109,1744,3116.15,1
9,122,1757,41584.75,1
6,124,1736,20270.25,1
4,126,1756,2159.8500000000004,1
4,127,1752,1359.05,1
8,133,1747,13398.25,1
5,135,1766,3890.0,1
10,137,1758,42436.3,1
1,139,1760,8219.05,1
4,142,1751,4727.0,1
9,142,1746,43603.5,1
7,143,1755,12296.099999999999,1
9,145,1749,37950.2,1
5,150,1739,5136.900000000001,1
5,152,1738,834.75,1
8,160,1761,7692.5,1
4,161,1745,2738.7,1
3,164,1755,11329.75,1
8,170,1759,15829.8,1
9,170,1743,164589.75,1
1,177,1738,26533.95,1
9,177,1741,43989.0,1
10,182,1755,47065.75,1
5,185,1743,3206.0,1
1,188,1737,19747.65,1
3,188,1739,2744.0499999999997,1
9,188,1764,143027.25,1
2,190,1742,10655.150000000001,1
10,190,1763,35505.700000000004,1
2,191,1746,11119.1,1
7,192,1749,16124.7,1
10,199,1762,26150.9,1
5,204,1739,3265.7999999999997,1
9,204,1738,82423.6,1
1,206,1744,16886.0,1
10,206,1740,32433.899999999998,1
1,208,1761,15202.6,1
3,209,1766,1020.6,1
4,210,1757,2062.7000000000003,1
4,4,1781,17695.5,1
7,4,1781,7653.099999999999,1
10,4,1770,32305.8,1
8,5,1773,5865.299999999999,1
1,8,1787,12818.800000000001,1
8,8,1780,5144.95,1
1,9,1767,20383.95,1
8,14,1784,5968.200000000001,1
10,14,1778,33971.85,1
5,15,1771,1314.1,1
10,15,1778,48217.299999999996,1
4,22,1768,1954.25,1
10,22,1779,130915.40000000001,1
3,23,1791,4985.8,1
10,23,1772,85423.54999999999,1
3,27,1783,6229.75,1
5,39,1775,1662.5,1
8,41,1777,8593.55,1
9,41,1767,110693.2,1
7,42,1778,5200.15,1
9,42,1777,51580.75,1
1,43,1784,12097.650000000001,1
7,43,1781,31363.15,1
10,43,1774,41575.5,1
7,45,1784,10612.0,1
1,46,1795,5267.05,1
1,51,1773,14666.5,1
3,51,1796,8330.2,1
8,51,1796,22499.050000000003,1
9,52,1769,64414.2,1
5,53,1773,70192.6,1
10,54,1795,47280.7,1
1,57,1790,11114.300000000001,1
6,57,1782,7289.650000000001,1
7,63,1796,10804.05,1
10,63,1796,51195.9,1
2,65,1768,6535.1,1
3,66,1786,68232.15,1
6,66,1782,5312.799999999999,1
9,66,1795,32482.05,1
5,67,1778,18158.45,1
9,68,1774,30829.850000000002,1
8,69,1768,7414.2,1
10,69,1785,33639.4,1
7,71,1769,5868.55,1
4,73,1789,6645.85,1
2,79,1786,10845.2,1
5,79,1790,7667.65,1
9,87,1773,61177.5,1
4,88,1791,4198.95,1
7,88,1782,6641.900000000001,1
4,91,1789,10742.449999999999,1
8,91,1785,7790.950000000001,1
1,98,1792,7354.85,1
7,98,1780,7191.1,1
2,101,1780,8181.950000000001,1
1,106,1787,11856.75,1
10,107,1773,136002.95,1
5,109,1770,1884.3000000000002,1
4,110,1782,23352.1,1
1,114,1786,14175.45,1
7,115,1790,8031.3,1
4,116,1782,1899.95,1
8,116,1776,6399.6,1
1,118,1796,15136.6,1
9,120,1791,38779.2,1
10,122,1786,143058.65,1
7,124,1770,5986.900000000001,1
4,130,1789,5597.5,1
9,138,1784,36294.75,1
1,139,1789,12598.0,1
5,141,1789,4891.35,1
6,141,1786,13659.449999999999,1
9,141,1787,28809.6,1
10,145,1784,39691.55,1
8,147,1785,6688.65,1
10,147,1771,38054.55,1
3,150,1775,846.5999999999999,1
10,151,1767,67307.15,1
4,152,1794,5055.35,1
6,156,1772,5081.6,1
3,161,1787,5311.35,1
9,165,1786,47914.85,1
7,168,1769,15647.85,1
9,168,1795,32741.6,1
6,170,1767,16177.449999999999,1
9,170,1782,25000.75,1
2,172,1792,5115.25,1
2,173,1769,9728.45,1
1,176,1769,20492.1,1
1,179,1792,17083.45,1
1,181,1774,11446.7,1
9,182,1777,42389.5,1
5,183,1790,3341.1000000000004,1
5,185,1775,2699.9,1
1,191,1784,8101.75,1
1,195,1772,9549.400000000001,1
2,198,1776,14266.849999999999,1
5,202,1784,12609.0,1
6,202,1782,28270.149999999998,1
9,202,1785,33415.85,1
9,203,1775,32681.550000000003,1
10,207,1779,65499.399999999994,1
3,209,1778,5894.450000000001,1
5,210,1774,6897.200000000001,1
5,4,1807,6752.95,1
7,4,1800,6257.799999999999,1
10,4,1812,109563.5,1
4,6,1807,2717.6,1
7,6,1814,9843.65,1
8,7,1827,12344.5,1
1,9,1804,42451.5,1
8,14,1805,36388.6,1
9,14,1817,26080.35,1
4,15,1808,4505.65,1
10,15,1822,209083.34999999998,1
8,20,1801,6829.700000000001,1
9,20,1812,142169.65,1
3,22,1823,21315.65,1
9,22,1813,105351.15,1
3,23,1813,12410.5,1
9,23,1826,86812.05,1
9,31,1811,81095.55,1
2,37,1799,30013.75,1
8,37,1820,11054.9,1
4,38,1816,1120.95,1
8,38,1811,5076.45,1
3,39,1821,105371.04999999999,1
8,42,1817,9250.35,1
9,42,1812,66780.9,1
1,51,1811,10439.25,1
3,51,1809,1564.05,1
7,51,1821,6619.55,1
3,53,1808,1077.1,1
7,63,1807,37388.7,1
10,63,1827,89861.5,1
2,65,1825,20395.350000000002,1
9,68,1823,54966.350000000006,1
6,69,1811,14012.1,1
9,69,1799,56767.65,1
8,70,1810,6559.95,1
7,71,1805,14372.3,1
4,73,1797,38580.25,1
9,74,1809,29939.050000000003,1
2,79,1823,24354.6,1
3,79,1801,906.55,1
2,83,1810,16000.0,1
4,88,1817,5689.099999999999,1
8,88,1820,6276.799999999999,1
4,91,1812,962.65,1
6,91,1826,9407.0,1
2,93,1811,76939.9,1
4,93,1823,1950.1,1
10,93,1803,42080.05,1
2,100,1816,9291.15,1
10,100,1823,25361.8,1
2,101,1806,16753.3,1
2,106,1810,6486.599999999999,1
4,109,1807,2747.0,1
3,116,1802,4659.35,1
8,116,1824,7490.950000000001,1
10,120,1820,30784.75,1
8,121,1813,8591.65,1
6,128,1798,11571.45,1
5,130,1804,661.5,1
6,133,1817,5563.35,1
4,142,1815,3146.35,1
9,142,1823,74463.25,1
6,146,1825,9112.0,1
8,147,1797,25645.75,1
9,147,1810,27330.45,1
5,152,1810,8835.7,1
6,160,1799,5814.55,1
9,162,1824,33934.2,1
10,165,1825,31522.199999999997,1
9,166,1813,30583.15,1
2,167,1817,7274.700000000001,1
9,167,1807,144267.05,1
6,170,1822,7650.2,1
10,170,1816,43768.549999999996,1
1,172,1801,8158.3,1
1,177,1811,14558.699999999999,1
9,177,1805,44298.35,1
1,180,1819,5965.650000000001,1
1,181,1814,25106.95,1
10,182,1799,119604.15000000001,1
9,199,1811,49603.25,1
10,203,1824,27283.95,1
2,206,1797,7511.75,1
10,206,1803,33828.45,1
9,207,1802,28610.149999999998,1
2,208,1822,10434.449999999999,1
3,209,1815,4278.55,1
3,210,1801,1585.6999999999998,1
